ID,지역,난이도,길이,시간,식수,화장실,매점,키워드1,키워드2,코스명
2,충남,2,13.8,240,0,1,1,자연,체험,남산 녹색 둘레길
0,충남,2,13.8,240,0,1,1,자연,체험,남산 녹색 둘레길
7,충남,2,13.8,240,0,1,1,자연,체험,남산 녹색 둘레길
8,충남,2,13.8,240,0,1,1,자연,체험,남산 녹색 둘레길
5,충남,3,2.1,60,1,1,1,자연,체험,거북이 마을 솔바람길
5,충남,3,2.1,60,1,1,1,자연,체험,거북이 마을 솔바람길
5,충남,3,2.1,60,1,1,1,자연,체험,거북이 마을 솔바람길
5,충남,3,50.5,2180,1,1,1,전통,체험,내포문화숲길
5,충남,2,15.2,250,1,1,1,전통,체험,내포문화숲길
5,충남,3,18,360,0,1,1,전통,자연,서산아라메길
5,충남,3,9,180,0,1,1,자연,체험,서산아라메길
8,충남,3,11,210,0,1,1,종교,자연,서산아라메길
7,충남,3,18,360,0,1,1,자연,체험,서산아라메길
1,충남,2,3,60,0,1,1,자연,전통,서산아라메길
4,충남,3,22,420,0,1,1,자연,체험,서산아라메길
9,충남,3,7,150,0,1,0,자연,체험,서산아라메길
5,충남,2,9,150,0,1,1,자연,체험,칠갑산 솔바람길
5,충남,4,10.2,210,0,1,1,전통,자연,칠갑산 솔바람길
1,충남,2,15,220,0,1,1,자연,체험,금강2경 도보여행길
5,충남,3,3.2,110,0,1,0,자연,체험,금강 솔바람길
8,충남,2,6,120,0,1,1,전통,체험,계백의 혼이 살아 숨쉬는 솔바람 길
5,강원,3,9,180,0,1,0,자연,체험,소양강둘레길
8,충남,3,4.63,120,1,1,1,전통,체험,부여 성흥산 솔바람길
0,충남,3,1.5,40,0,1,1,자연,체험,서천 생태원길
8,충남,3,13,210,1,1,1,전통,자연,서천 남산길
4,충남,3,3.77,60,0,1,1,자연,체험,철새나그네길
1,충남,2,3.6,50,1,1,1,자연,체험,철새나그네길
8,충남,3,12.5,120,0,1,0,전통,체험,천년 솔바람길
8,충남,3,18,480,0,1,1,전통,체험,탕정둘레길
7,충남,3,25.6,1120,1,1,1,자연,체험,천년의 숲길
9,충남,3,25.6,1120,1,1,1,자연,체험,천년의 숲길
7,충남,3,25.6,1120,1,1,1,자연,체험,천년의 숲길
0,충남,3,25.6,1120,1,1,1,자연,체험,천년의 숲길
5,충남,3,19,350,1,1,1,자연,체험,마곡사 솔바람길
5,충남,2,8.2,180,0,1,1,자연,전통,봉화산 솔바람길
5,충남,2,3,60,0,0,0,자연,전통,사계 솔바람길
1,충남,4,4.8,120,0,1,1,전통,체험,온천과 함께하는 솔바람길
8,충남,3,5.2,120,1,0,0,전통,체험,태조산 솔바람길
5,충남,2,3,60,0,1,0,전통,자연,억새길
5,충남,3,7.2,180,1,1,1,전통,자연,재너머 사래 긴 밭 가는 숲길
4,충남,4,10.2,210,1,1,1,자연,체험,태안 솔향기길
7,충남,3,16,240,1,1,1,전통,체험,가야구곡 녹색길
8,충남,3,24,600,0,1,1,전통,체험,부여 백마강길
4,충남,2,6,120,0,1,1,자연,체험,녹색길
8,충남,3,14,270,1,1,1,전통,자연,고마나루 명승길
9,충남,1,10,180,1,1,1,종교,체험,내포문화숲길
9,충남,2,23.8,340,0,1,0,종교,체험,내포문화숲길
8,충남,1,11.8,210,1,1,1,종교,체험,내포문화숲길
5,충남,4,12.1,320,0,1,1,자연,체험,내포문화숲길
8,충남,3,19.1,340,1,1,1,자연,전통,내포문화숲길
8,충남,3,9.8,200,1,1,1,체험,전통,내포문화숲길
8,충남,3,20.4,440,1,1,1,전통,자연,내포문화숲길
8,충남,2,15.3,240,1,1,1,전통,자연,내포문화숲길
9,충남,3,13.1,270,0,1,1,전통,체험,내포문화숲길
9,충남,3,12.3,270,0,1,1,체험,자연,내포문화숲길
9,충남,4,16.5,390,0,1,1,전통,자연,내포문화숲길
3,강원,2,5.2,120,0,1,1,자연,체험,봄내길
5,강원,3,8.1,180,0,1,1,자연,체험,봄내길
5,강원,3,18.7,300,0,1,1,전통,자연,봄내길
4,강원,3,14.2,300,0,1,1,체험,자연,봄내길
0,강원,4,14.5,420,0,1,0,자연,체험,봄내길
7,강원,2,7.8,150,1,1,0,자연,체험,효석문학 100리길
7,강원,2,10.4,180,1,1,1,자연,체험,효석문학 100리길
7,강원,3,10.2,180,0,0,0,자연,체험,효석문학 100리길
7,강원,3,7.5,150,1,1,0,자연,전통,효석문학 100리길
7,강원,3,4.3,90,1,1,0,자연,체험,효석문학 100리길
7,강원,2,14,260,1,1,1,체험,자연,DMZ펀치볼둘레길
7,강원,3,14.6,330,1,1,1,자연,체험,DMZ펀치볼둘레길
7,강원,3,17.2,400,1,1,1,전통,자연,DMZ펀치볼둘레길
7,강원,4,16.2,380,0,1,0,체험,자연,DMZ펀치볼둘레길
5,강원,3,16,360,0,1,1,자연,체험,둔가리약수숲길
5,강원,3,7.7,240,0,1,1,자연,체험,둔가리약수숲길
5,강원,2,12,270,0,1,1,자연,체험,둔가리약수숲길
5,강원,2,6,120,1,1,1,자연,체험,산꼬라데이길
5,강원,3,5.5,120,0,1,1,자연,체험,산꼬라데이길
5,강원,3,3.8,90,0,1,0,자연,체험,산꼬라데이길
5,강원,3,1.2,30,1,1,0,자연,체험,산꼬라데이길
5,강원,3,1.1,30,0,1,0,자연,체험,산꼬라데이길
5,강원,3,4.3,90,1,1,0,체험,자연,산꼬라데이길
1,강원,3,3.3,60,1,1,0,자연,체험,산꼬라데이길
5,강원,2,7.4,150,1,1,1,체험,자연,개야리 에움 녹색길
5,강원,2,2.1,60,0,1,0,체험,자연,소양강둘레길
5,강원,2,4.1,80,1,1,0,자연,체험,매화마을 녹색길
5,강원,3,29.5,420,0,1,1,자연,체험,백두대간트레일
5,강원,2,6,90,0,1,1,자연,체험,설악누리길
5,강원,3,12.2,240,0,1,0,자연,체험,태백고원 700산소길
5,강원,4,2.5,70,0,1,1,자연,체험,산세따라걷는길
5,강원,3,4.8,90,1,1,0,체험,자연,소이산 생태숲 녹색길
5,강원,3,2.5,60,0,1,0,전통,자연,천년역사의 숨결 녹색길
5,서울,3,1.9,90,0,1,1,자연,체험,고덕산 산책길
5,서울,3,1.9,90,0,0,0,체험,자연,일자산숲나들길
8,서울,2,6.14,120,1,1,1,체험,자연,몽촌토성나들길
0,서울,2,4.17,120,0,1,1,체험,자연,석촌호수산책길
5,충남,3,2.6,60,0,1,1,체험,자연,한산 모시마루 솔바람길
0,서울,2,11.45,180,1,1,1,체험,자연,송파소리길
5,충남,3,0.8,90,0,0,0,전통,자연,이동백 소리 솔바람길
5,서울,3,6.02,150,1,1,1,체험,자연,구룡산 나들길
5,서울,3,4.8,180,0,1,1,자연,종교,대모산 나들길
8,서울,3,5.9,120,0,1,1,종교,자연,선정릉 나들길
5,서울,3,3.25,120,0,1,1,체험,자연,서리골 서리풀 나들길
5,서울,3,3.86,120,1,1,0,체험,자연,우면산 나들길
5,서울,2,3.2,60,1,1,1,자연,체험,동작충효길
5,서울,2,2.6,50,1,1,1,전통,도시,동작충효길
5,서울,2,4.7,80,0,1,1,체험,도시,동작충효길
5,서울,2,3.4,60,0,1,1,체험,도시,동작충효길
5,서울,2,2.7,50,0,1,1,체험,도시,동작충효길
5,서울,3,4.8,80,1,1,1,체험,도시,동작충효길
5,서울,2,3.6,60,0,1,1,체험,자연,동작충효길
2,서울,1,1.63,30,0,1,1,도시,체험,보라매공원 산책길
8,서울,3,7.34,270,1,1,1,전통,체험,현충원 나들길
5,서울,2,5.58,120,1,1,1,자연,체험,관악산 계곡나들길
8,전남,3,8,230,0,1,1,체험,자연,이청준 한승원 문학길
5,서울,3,5.72,180,0,0,0,도시,체험,관악산 나들길
5,서울,2,0.81,40,0,1,1,자연,체험,관음사 산책길
8,서울,3,1.22,40,0,1,1,전통,자연,낙성대 산책길
5,서울,3,6.46,180,0,1,1,자연,체험,독산 삼성산 나들길
5,서울,2,5.87,110,1,1,1,자연,체험,청룡산 나들길
5,서울,4,4,180,0,1,0,자연,체험,호암산 나들길
2,서울,1,2.82,90,0,1,1,체험,자연,여의도공원 산책길
2,서울,1,3.84,90,0,0,0,체험,자연,영등포봄꽃 나들길
5,서울,3,1.5,60,0,0,0,자연,체험,개웅산 숲산책길
5,서울,3,6.84,180,0,1,0,자연,체험,구로 지양산 숲나들길
2,서울,1,0.96,30,0,1,0,체험,도시,서서울호수공원 산책길
5,서울,2,2.63,90,0,0,0,체험,도시,용왕산 나들길
3,서울,2,2.51,90,1,1,1,체험,자연,강서문화 산책길
5,서울,3,2.61,90,1,1,0,전통,자연,봉제산 숲나들길
5,서울,2,4.22,110,0,1,0,자연,체험,우장산공원 산책길
5,서울,3,4.62,120,1,1,1,도시,체험,상암산DMC체험 나들길
2,서울,3,5.12,150,0,0,0,도시,체험,신촌대학탐방 나들길
2,서울,3,19.29,270,0,0,0,도시,체험,월드컵공원 나들길
2,서울,3,3.12,120,0,0,0,체험,도시,홍대예술의거리 나들길
5,서울,3,5.1,180,0,1,0,자연,체험,백련산 나들길
5,서울,2,5.23,180,0,0,0,자연,체험,안산숲 나들길
5,서울,4,12.26,240,0,1,1,도시,체험,탕춘대성숲 나들길
2,서울,2,2.76,60,0,0,0,도시,체험,진관공원 나들길
8,서울,3,8.6,210,0,1,1,전통,체험,도심고궁 나들길
7,충북,3,4.4,90,1,1,1,자연,체험,충청도양반길
5,서울,3,3.06,120,0,0,0,자연,체험,백사실두메 나들길
5,충북,3,9.5,150,1,1,1,자연,체험,충청도양반길
7,서울,4,4.3,180,1,1,1,자연,체험,부암동 나들길
7,충북,3,5,90,1,1,1,자연,체험,충청도양반길
8,서울,3,6.96,150,0,1,1,체험,도시,북악스카이웨이길
8,서울,3,2.79,120,0,1,0,자연,체험,북악하늘 나들길
2,서울,3,4.16,120,0,1,1,자연,체험,성북동고택산책길
2,서울,3,8.12,120,0,0,0,체험,전통,인사동삼청동 나들길
5,서울,3,3.54,90,0,1,0,체험,자연,인왕산 나들길
5,서울,3,2.2,90,0,1,0,자연,전통,개운산숲 나들길
5,서울,2,2.49,90,0,1,1,체험,자연,북한산자락 나들길
2,서울,1,2.01,60,0,0,0,체험,자연,오동공원 산책길
5,서울,3,2.36,90,1,1,0,체험,도시,정릉숲 산책길
5,서울,3,2.22,60,0,0,0,체험,도시,청장산 산책길
5,서울,3,4.7,120,1,1,1,체험,도시,북서울꿈의숲 나들길
5,서울,2,2.01,60,1,1,1,체험,도시,북서울꿈의숲 산책길
5,서울,3,6.81,210,0,1,1,전통,도시,북한산방학 나들길
4,충남,3,5,160,1,1,0,자연,체험,삽시도둘레길
8,서울,3,5.24,150,0,1,1,자연,전통,쌍문역사 산책길
5,서울,2,2.05,60,1,1,1,자연,체험,오패산 나들길
5,서울,3,7.86,150,0,1,1,자연,체험,우이령 나들길
5,서울,4,7.41,270,1,1,1,자연,체험,수락산 나들길
2,서울,2,1.12,60,0,0,0,자연,체험,월계공원 산책길
5,서울,3,4.59,90,0,1,0,자연,체험,초안산 나들길
5,서울,2,5.51,150,0,1,0,전통,체험,망우산숲 나들길
5,서울,3,4.02,120,0,0,0,자연,체험,용마산 나들길
0,서울,2,5.67,120,0,0,0,자연,체험,중랑천 제방 장미 벚꽃길
5,서울,3,3.73,120,0,1,1,체험,자연,중랑캠핑숲 나들길
5,서울,3,3.39,120,0,1,0,도시,체험,배봉산 답십리 나들길
1,서울,2,1.83,60,0,1,0,도시,체험,홍릉수목원길
5,서울,3,8.82,150,0,1,1,체험,자연,서울숲남산 나들길
9,전북,3,27.1,480,0,0,0,종교,자연,아름다운 순례길
2,서울,3,3.48,120,0,1,1,체험,도시,서울숲공원 산책길
0,서울,2,8.7,150,0,1,1,체험,도시,성동 송정둑길
5,서울,3,2.78,120,1,1,1,체험,도시,아차산숲 나들길
7,전남,3,1.6,60,1,1,0,자연,체험,홍도 등대길
5,서울,2,3.11,120,0,1,1,체험,자연,어린이대공원 산책길
2,서울,3,9.17,180,0,1,1,도시,자연,남산순환나들길
1,서울,2,1.93,60,0,1,1,체험,자연,남산야외식물원 산책길
8,서울,2,6.02,120,0,1,1,체험,자연,덕수궁 산책길
2,서울,1,3.3,60,0,1,1,체험,자연,용산가족공원 산책길
8,서울,2,1.6,40,0,0,0,체험,자연,전쟁기념관 산책길
2,서울,3,1.81,60,0,0,0,도시,자연,한남매봉공원 산책길
2,서울,3,3.35,70,1,1,0,체험,자연,강서둘레길
2,서울,3,3.53,80,1,1,0,도시,자연,강서둘레길
2,서울,3,4.56,90,0,1,1,도시,자연,강서둘레길
7,서울,3,11.89,180,1,1,1,자연,체험,내곡둘레길
0,서울,1,5.1,60,0,1,0,자연,체험,당현천길
2,서울,2,9,180,1,1,1,도시,체험,마포난지생명길
2,서울,3,14.4,240,1,1,1,체험,도시,마포난지생명길
2,서울,4,12.7,350,1,1,1,전통,자연,서울둘레길
2,서울,2,18,270,1,1,1,자연,체험,서울둘레길
2,서울,4,14.3,390,0,0,0,자연,체험,서울둘레길
5,서울,3,11,240,1,1,1,자연,체험,불암산 하루길
2,서울,1,3,60,1,1,1,자연,체험,신반포올레길
0,서울,1,4,60,1,1,1,자연,체험,양재천 산책길
8,서울,1,7.6,150,1,1,1,전통,체험,토성산성어울길
5,경남,1,2.1,60,0,1,1,자연,체험,가야산소리길
2,서울,1,2,30,1,1,1,체험,자연,허밍웨이길
2,서울,3,3.78,90,1,1,1,체험,자연,강동그린웨이 걷기대회 코스
8,서울,3,7.8,220,1,1,1,체험,자연,아차산 고구려 역사길
5,서울,3,2,90,1,1,1,체험,자연,독산자락길
7,전남,2,3.9,80,0,1,0,전통,자연,심청 효행길
7,전남,3,1.98,30,0,1,0,자연,체험,심청 효행길
7,전남,2,2.64,45,0,1,1,자연,전통,심청 효행길
7,전남,3,4.98,120,0,1,1,전통,자연,심청 효행길
6,전남,3,5,120,1,1,0,체험,자연,금오도 비렁길
6,전남,3,3.5,60,1,1,0,체험,자연,금오도 비렁길
6,전남,3,3.5,60,1,1,0,체험,자연,금오도 비렁길
6,전남,3,3.2,60,1,1,0,체험,자연,금오도 비렁길
6,전남,3,3.3,60,1,1,0,체험,자연,금오도 비렁길
5,전남,1,7.5,150,1,1,1,체험,자연,서편제 보성소리 득음길
5,전남,4,10.3,210,1,1,1,체험,자연,서편제 보성소리 득음길
5,전남,2,9.3,150,1,1,1,체험,자연,서편제 보성소리 득음길
5,전남,4,6.9,150,1,1,1,체험,자연,서편제 보성소리 득음길
4,전남,3,12.7,210,0,1,1,자연,전통,남도이순신길 백의종군로
4,전남,2,5.9,100,0,1,1,자연,전통,남도이순신길 백의종군로
4,전남,3,7.5,140,0,1,1,자연,전통,남도이순신길 백의종군로
4,전남,2,8.8,120,1,1,1,전통,자연,남도이순신길 백의종군로
4,전남,4,10.7,150,1,1,1,자연,체험,남도이순신길 백의종군로
4,전남,2,12.5,180,1,1,1,체험,자연,남도이순신길 백의종군로
4,전남,4,14,240,0,1,0,체험,자연,남도이순신길 백의종군로
7,전남,3,4.5,70,0,1,1,자연,체험,곡성대황강길
7,전남,3,6.5,100,0,0,0,자연,체험,곡성대황강길
5,전남,3,6,120,1,1,1,자연,체험,월출산 기찬묏길
0,경기,1,5,120,1,1,0,체험,체험,안성천 산책로
4,전남,2,16.28,225,1,1,1,체험,체험,다향길
4,전남,2,7.53,127,1,1,1,자연,체험,다향길
7,전남,3,8.1,150,1,1,1,체험,자연,담양오방길
7,전남,4,10.5,205,0,1,1,자연,전통,담양오방길
7,전남,3,5.2,100,1,1,1,자연,체험,담양오방길
7,전남,3,7.2,220,1,1,1,자연,체험,담양오방길
7,전남,4,32,675,1,1,1,자연,전통,담양오방길
5,전남,4,18.4,300,0,1,1,자연,전통,정약용의 남도 유배길
5,전남,3,15,300,1,1,1,체험,자연,정약용의 남도 유배길
5,전남,3,13.4,270,1,1,1,전통,자연,정약용의 남도 유배길
5,전남,3,16.6,330,1,1,1,종교,자연,정약용의 남도 유배길
7,전남,3,8.6,110,1,1,0,자연,체험,무안갯길
7,전남,1,11.4,140,1,1,0,자연,체험,무안갯길
7,전남,1,9,140,1,1,0,자연,체험,무안갯길
7,전남,4,10,180,1,1,1,자연,체험,무안갯길
7,전남,1,9.5,130,1,1,0,자연,체험,무안갯길
5,전남,3,3,60,0,0,0,자연,체험,무등산자락 무돌길
5,전남,3,4,90,1,1,0,자연,체험,무등산자락 무돌길
5,전남,3,3,60,1,1,1,자연,체험,무등산자락 무돌길
5,전남,3,4,120,1,1,1,자연,체험,무등산자락 무돌길
5,전남,3,3,60,1,1,0,자연,체험,무등산자락 무돌길
4,전남,3,18.7,420,1,1,1,자연,체험,강진 바다둘레길
4,전남,3,10.7,210,0,1,1,체험,자연,강진 바다둘레길
4,전남,3,6,150,0,1,1,체험,자연,땅끝길
4,전남,3,6,120,0,1,1,자연,전통,땅끝길
4,전남,3,11,180,0,1,1,자연,전통,땅끝길
4,전남,3,18,330,0,1,1,자연,전통,땅끝길
4,전남,4,16.9,360,0,1,1,자연,전통,해남삼남길
4,전남,3,25.7,240,0,1,1,자연,전통,해남삼남길
4,전남,3,18.6,150,0,1,1,자연,전통,해남삼남길
4,전남,3,17.4,300,0,1,1,자연,전통,해남삼남길
4,전남,5,15.4,330,0,1,1,자연,전통,땅끝 천년숲 옛길
4,전남,3,18,360,0,1,1,자연,종교,땅끝 천년숲 옛길
4,전남,1,12.5,160,0,1,1,종교,자연,땅끝 천년숲 옛길
1,전남,3,7.3,180,1,1,1,종교,자연,우수영강강술래 길
4,전남,3,15.2,300,0,1,1,자연,체험,명사갯길
6,전남,1,5.71,90,0,1,1,체험,자연,청산도 슬로길
6,전남,3,2.1,48,0,0,0,자연,체험,청산도 슬로길
6,전남,1,4.54,88,0,1,0,체험,전통,청산도 슬로길
6,전남,3,1.8,40,0,1,0,자연,체험,청산도 슬로길
6,전남,3,5.54,125,0,1,1,자연,체험,청산도 슬로길
6,전남,2,5.11,82,0,1,0,자연,체험,청산도 슬로길
6,전남,3,6.21,136,1,1,0,자연,체험,청산도 슬로길
6,전남,3,4.1,80,0,1,0,자연,체험,청산도 슬로길
6,전남,2,3.21,60,0,0,0,자연,전통,청산도 슬로길
6,전남,2,2.67,50,1,1,0,자연,전통,청산도 슬로길
6,전남,2,1.2,20,0,1,1,자연,전통,청산도 슬로길
5,전남,3,3,120,0,1,0,자연,체험,거문도 녹산등대 가는길
5,전남,3,2.2,60,1,1,0,자연,전통,거문도 동백꽃섬길
5,대구,3,15,360,0,1,0,자연,체험,앞산자락길
5,전남,2,8,120,1,1,1,자연,체험,태백산맥 문학기행길
5,전남,3,4.7,120,0,1,1,체험,자연,유달산 일주도로 및 둘레숲길
5,전남,3,2.85,80,1,1,0,자연,체험,양을산 둘레길
5,전남,3,0.72,30,1,1,0,자연,체험,양을산 둘레길
5,전남,1,1.61,80,1,1,0,체험,자연,부주산 일주도로
5,전남,3,2.5,150,1,1,1,자연,체험,부흥산 둘레숲길
5,전남,3,3.5,150,1,1,1,종교,전통,지적산 등산로길
5,전남,3,3.5,150,1,1,1,종교,전통,지적산 등산로길
5,전남,3,5.6,150,0,0,0,전통,체험,고하도 용오름길
1,전남,3,12,180,1,1,1,전통,자연,전라 광양 마실길
6,전남,3,16,300,1,1,1,체험,자연,진도 아리랑길
6,전남,4,10,300,1,1,0,체험,자연,진도 웰빙등산로
4,전남,3,2.8,60,1,1,1,체험,자연,신비의 바닷길
6,전남,3,5.7,180,1,1,0,자연,전통,하화도 꽃섬길
5,전남,2,3,120,0,1,0,자연,체험,만연산 오감연결길
4,전남,3,5.6,90,1,1,1,종교,전통,법성포 굴비길
4,전남,2,3.37,60,1,1,1,체험,자연,미르마루길
5,전남,3,4.5,120,0,0,0,자연,체험,공지산 둘레길
5,전남,3,32,700,0,0,0,체험,자연,돌산종주로
5,전남,3,13,240,0,0,0,자연,전통,호랑산 둘레길
5,전남,4,5.9,180,1,1,0,체험,자연,흑산철새와 당산길
5,전남,2,3,140,1,1,0,체험,자연,신안 송공산 등산길
6,전남,2,10,180,0,1,0,전통,자연,증도모실길
6,전남,2,6.56,150,0,1,1,체험,전통,풍류락도 영산가람길
6,전남,2,6.56,150,0,1,1,체험,전통,풍류락도 영산가람길
6,전남,3,13.08,270,0,1,0,종교,자연,풍류락도 영산가람길
6,전남,3,13.08,270,0,1,0,종교,자연,풍류락도 영산가람길
6,전남,3,9.32,210,0,1,1,체험,자연,풍류락도 영산가람길
6,전남,3,7.93,150,0,1,0,체험,자연,풍류락도 영산가람길
2,강원,3,25,480,1,1,1,자연,체험,동강길
2,강원,3,20,420,0,1,1,자연,체험,동강길
2,강원,4,12,360,0,1,1,자연,체험,동강길
6,전남,2,3,420,0,1,0,자연,체험,가거도탐방길
8,전남,2,17.7,270,0,1,1,자연,체험,고흥마중길
8,전남,3,9.33,120,0,0,1,체험,자연,고흥마중길
8,전남,3,11.8,120,0,0,1,체험,자연,고흥마중길
8,서울,2,5.5,180,0,1,1,자연,전통,아차산 고구려 역사길
1,경기,3,10.7,210,0,1,1,체험,자연,김삿갓 풍류길
4,경남,3,16,300,0,1,1,체험,자연,남해 바래길
5,전남,3,14,210,0,1,0,체험,자연,생명의 녹색길
5,전남,3,10,200,0,1,1,자연,체험,축령산 산소길
5,전남,3,6.3,130,0,1,1,전통,자연,축령산 산소길
5,전남,3,6,120,0,1,1,전통,자연,축령산 산소길
5,전남,3,4,90,0,1,1,전통,자연,축령산 산소길
5,전남,2,10,170,1,1,0,자연,체험,구봉산 둘레길
5,전남,3,19.3,401,1,0,1,자연,체험,영취산 등산길
0,전남,3,20.2,120,0,1,1,자연,체험,섬진강 100리 테마로드 조성길
6,전남,2,16,300,1,1,1,자연,체험,남도삼백리길
6,전남,2,20,420,1,1,1,자연,체험,남도삼백리길
6,전남,3,14,300,1,1,0,체험,자연,남도삼백리길
6,전남,4,20,480,1,1,0,자연,체험,남도삼백리길
6,전남,4,25,600,1,1,0,체험,자연,남도삼백리길
6,전남,3,15,360,1,1,0,자연,체험,남도삼백리길
6,전남,2,19,360,1,1,0,자연,체험,남도삼백리길
6,전남,2,12,300,1,1,0,종교,자연,남도삼백리길
6,전남,4,12,240,1,1,0,종교,전통,남도삼백리길
6,전남,2,25,480,1,1,0,체험,자연,남도삼백리길
6,전남,2,45,480,1,1,0,체험,자연,남도삼백리길
4,경남,3,15,330,0,1,1,자연,전통,남해 바래길
4,경남,4,12.4,270,0,1,1,자연,체험,남해 바래길
4,경남,3,14.7,360,0,1,1,체험,자연,남해 바래길
7,전남,2,1.7,30,0,1,0,자연,자연,진포동 녹색 석관황포길
4,경남,3,14.6,300,0,1,1,자연,전통,남해 바래길
4,전남,1,3.9,150,0,1,1,자연,체험,용마루길
4,경남,3,14,270,0,1,1,자연,체험,남해 바래길
5,전남,3,6.7,90,0,1,1,체험,자연,천지인 둘레길
5,전남,3,3,60,0,1,1,자연,전통,천지인 둘레길
5,전남,2,9,180,0,1,1,자연,전통,천지인 둘레길
5,경남,3,12.1,360,1,1,1,자연,전통,지리산둘레길
4,경남,3,10,180,0,1,1,체험,자연,남해 바래길
5,전남,3,3,120,1,1,0,자연,전통,복암리 잠애산 산책로
5,전남,2,21.46,280,1,1,0,자연,체험,억불산 명품 테마길
5,전남,2,1,240,1,1,0,체험,자연,억불산 명품 테마길
9,전남,3,5,240,0,1,0,자연,체험,용천사 생태 탐방로
8,전남,2,1,20,1,1,1,자연,체험,삼별초역사 체험탐방로
4,경남,3,10.4,180,0,1,0,자연,체험,남해 바래길
4,전남,3,18,300,0,1,0,체험,자연,향일암 해안길 생태탐방로
4,전남,3,30,600,1,1,1,체험,자연,영광 칠산갯길 300리
0,경남,3,13,210,1,1,1,자연,체험,섬진강을 따라가는 박경리 토지길
0,경남,3,10,180,1,1,1,체험,자연,섬진강을 따라가는 박경리 토지길
4,전남,3,37,1180,1,1,1,종교,전통,영광 칠산갯길 300리
4,전남,3,30,600,1,1,1,체험,자연,영광 칠산갯길 300리
4,전남,3,30,600,1,1,1,종교,자연,영광 칠산갯길 300리
4,전남,3,15,300,1,1,1,체험,자연,영광 칠산갯길 300리
4,경남,2,10.2,180,0,1,1,체험,자연,이순신 바닷길
4,경남,3,16,240,0,1,0,자연,체험,이순신 바닷길
4,경남,2,8,150,0,1,1,자연,체험,이순신 바닷길
4,경남,3,10,180,0,1,1,자연,체험,이순신 바닷길
5,서울,3,10.5,180,1,1,1,도시,체험,우면산 둘레길
8,경북,1,10,80,0,1,0,체험,전통,백화산 호국의 길
5,강원,4,13.2,1120,0,1,1,체험,전통,진부령 하늘 심산유곡길
5,충남,3,7.5,120,0,0,0,전통,자연,천년 솔바람길
5,강원,4,9.2,180,0,1,1,자연,전통,관대바위 산소길
5,전북,3,13.3,210,0,1,1,자연,전통,모악산 마실길
5,전남,3,3,120,0,0,0,자연,전통,흑산철새와 당산길
5,강원,3,33.25,1120,0,0,0,자연,전통,두위봉 산소길
5,강원,3,25.62,540,0,0,0,자연,전통,두위봉 산소길
5,강원,3,19.59,420,0,0,0,자연,전통,두위봉 산소길
1,강원,4,37,360,0,0,0,자연,전통,홍천9경 생태탐방로
5,강원,4,28,570,0,1,0,자연,전통,너브내 수변탐방로
5,강원,5,27,600,0,1,0,자연,전통,너브내 수변탐방로
0,경기,3,13.8,270,1,1,1,자연,전통,물소리길
6,인천,3,9.1,180,0,1,0,자연,전통,인천둘레길
9,강원,2,6,90,0,1,1,자연,체험,수타사 산소길
6,인천,4,9.58,220,0,1,0,자연,체험,인천둘레길
5,강원,3,11,180,1,1,1,자연,체험,쇠둘레 평화누리길
1,대전,2,16,300,1,1,0,자연,체험,세종 유성 바램길
6,인천,3,9.09,180,0,1,1,자연,체험,인천둘레길
0,경기,3,16.4,300,1,1,1,자연,체험,물소리길
6,인천,3,10.6,240,1,1,1,체험,자연,인천둘레길
6,인천,3,9.8,190,1,1,0,체험,자연,인천둘레길
2,경기,3,11.9,210,1,1,0,체험,자연,고양누리길
6,인천,4,8.6,140,0,1,0,자연,전통,인천둘레길
0,울산,3,15,300,1,1,1,자연,전통,태화강 100리길
5,전북,3,21.3,360,0,1,1,종교,전통,모악산 마실길
6,인천,3,4.8,80,0,1,1,체험,자연,인천둘레길
6,인천,3,5,80,0,1,1,자연,체험,인천둘레길
6,강원,3,13.4,270,0,1,0,체험,종교,강원도자연환경연구공원 생태문화탐방로
6,인천,4,5.2,80,0,1,0,체험,자연,인천둘레길
6,경기,3,10.8,210,1,0,0,종교,전통,용인너울길
6,인천,3,11.3,170,0,1,0,체험,자연,인천둘레길
6,인천,4,7.01,150,1,1,1,자연,체험,인천둘레길
2,경기,3,12,240,0,0,0,체험,자연,용인너울길
6,인천,3,9.07,210,0,1,0,자연,체험,인천둘레길
6,인천,3,7.75,180,0,1,0,자연,체험,인천둘레길
2,경기,3,19.4,390,0,1,1,자연,체험,용인너울길
1,강원,4,2.4,30,0,0,0,자연,체험,에코뮤지엄트레길
6,인천,3,6.05,120,0,1,0,자연,체험,인천둘레길
5,경기,4,2.2,70,0,1,0,자연,체험,왕방산 숲길
0,경기,2,1.67,150,0,0,0,자연,체험,청계저수지 산책로
4,인천,3,2.5,90,1,1,0,자연,체험,무의바다 누리길
5,경기,3,12.5,340,0,1,0,자연,체험,천보산맥
5,경기,2,3.4,150,0,0,0,자연,체험,천주산 숲길
5,인천,3,5.53,120,0,0,0,전통,체험,학산 둘레길
5,경기,3,3,90,0,0,0,자연,체험,말봉산 숲길
5,경기,3,9,180,1,1,1,자연,체험,"은봉, 호명산 숲길"
5,강원,3,8.3,300,1,1,0,자연,체험,대암산 생태탐방로
7,경기,2,7.8,120,1,1,1,체험,자연,장흥 숲길
7,경기,2,6.1,120,1,1,1,체험,자연,장흥 숲길
6,인천,2,5.4,90,1,1,0,자연,체험,세어도 숲길
0,경기,4,50,2240,0,1,0,자연,체험,동두천 6산종주
6,인천,3,17.2,340,0,1,1,전통,체험,강화나들길
5,경기,2,2.5,40,0,1,1,체험,자연,부락산 둘레길
5,경기,3,5.3,90,0,1,1,자연,체험,부락산 둘레길
6,인천,2,17,350,0,1,1,자연,전통,강화나들길
5,경기,2,8.4,150,1,1,1,자연,체험,부락산 둘레길
5,경기,2,9.8,180,1,1,1,자연,체험,부락산 둘레길
6,인천,3,16.2,330,0,1,1,자연,체험,강화나들길
6,인천,3,11.5,210,0,1,1,자연,체험,강화나들길
5,강원,2,9.5,210,0,0,0,체험,자연,양구 국가생태탐방로
6,인천,3,20.2,400,0,1,1,자연,전통,강화나들길
1,경기,1,1.5,40,0,1,1,체험,자연,평택호관광지 수변테크
5,강원,3,10.6,300,0,1,0,체험,자연,대덕산 금대봉 생태탐방로
6,인천,3,15.8,330,0,1,1,자연,전통,강화나들길
4,경기,3,11.3,240,1,1,1,체험,자연,대부해솔길
8,강원,3,21.2,360,0,1,0,자연,체험,역사문화순례길
6,인천,3,20.8,400,0,1,1,자연,체험,강화나들길
4,경기,3,5.1,120,0,1,0,자연,체험,대부해솔길
5,강원,3,11,240,1,1,1,자연,체험,쇠둘레 평화누리길
5,인천,3,23.5,450,0,1,1,자연,체험,강화나들길
4,경기,4,9.6,180,0,1,1,자연,체험,대부해솔길
6,인천,3,17.2,340,0,1,1,자연,체험,강화나들길
8,강원,3,18,360,0,1,0,종교,체험,38선 숨길
6,인천,3,16,300,1,1,1,자연,체험,강화나들길
4,경기,3,12.4,180,0,1,1,체험,자연,대부해솔길
6,인천,3,18.96,300,0,1,1,자연,체험,강화나들길
4,경기,3,12.2,180,0,1,1,체험,자연,대부해솔길
8,강원,5,10,420,0,0,0,자연,체험,38선 숨길
6,인천,2,16,300,0,1,1,자연,체험,강화나들길
8,강원,4,28,570,0,1,1,자연,체험,38선 숨길
4,경기,3,6.8,120,0,1,1,체험,자연,대부해솔길
4,경기,3,16.6,300,0,1,1,자연,체험,대부해솔길
6,인천,3,15.27,240,1,1,1,자연,체험,강화나들길
6,인천,3,13.6,210,0,1,1,자연,체험,강화나들길
0,경기,3,7.6,150,0,0,0,자연,체험,다산길
0,경기,3,12.4,240,0,1,1,체험,전통,다산길
6,인천,3,11.7,210,1,1,1,자연,전통,강화나들길
1,경기,3,11.6,360,0,0,0,자연,전통,다산길
5,경기,3,12.6,360,0,0,0,전통,자연,다산길
8,인천,3,11,240,1,1,1,자연,전통,강화나들길
8,강원,3,3.5,60,1,1,1,자연,전통,오랍드리 산소길
8,경기,5,15.2,455,0,1,1,자연,전통,다산길
8,경기,2,16.7,330,0,0,0,도시,자연,다산길
8,강원,3,3.5,60,1,1,1,자연,체험,오랍드리 산소길
5,경기,2,3.4,120,1,1,0,체험,자연,다산길
8,경기,3,4.8,120,0,1,0,자연,체험,다산길
5,강원,3,4,60,1,1,1,체험,자연,오랍드리 산소길
5,전남,3,4,90,0,1,0,전통,자연,무등산자락 무돌길
5,경기,4,15.4,480,0,1,1,자연,체험,다산길
5,경기,3,17.3,540,0,1,1,자연,체험,다산길
5,강원,3,5,90,0,1,0,체험,전통,오랍드리 산소길
5,경기,3,6.5,180,0,0,0,체험,자연,다산길
5,전남,2,18.9,420,1,1,1,자연,체험,지리산둘레길
5,경기,4,20.3,600,0,0,0,자연,체험,다산길
4,강원,2,4,60,1,1,1,체험,자연,오랍드리 산소길
0,경기,3,9.2,300,0,0,0,자연,체험,다산길
4,강원,2,15,240,0,1,1,체험,자연,파도소리 풍경길
5,경기,3,10.1,330,0,1,0,체험,자연,다산길
7,강원,3,12,180,1,1,1,자연,체험,두타연 산소길
5,전남,3,12.3,300,1,1,1,자연,체험,지리산둘레길
2,경기,2,4.2,90,0,1,1,자연,체험,살래길
5,서울,1,0.7,30,0,1,1,자연,체험,개화산자락길
5,강원,2,33,510,0,1,1,체험,자연,정선 산소길
5,강원,3,46,1300,0,1,0,체험,자연,정선 산소길
5,경기,3,2,120,0,1,0,자연,체험,문수산 등산로
5,경기,3,4.6,180,0,1,0,자연,체험,문수산 등산로
5,강원,2,12.5,180,0,1,1,체험,자연,정선 산소길
6,강원,2,42.2,1120,1,1,1,체험,자연,파로호 100리 산소길
5,경기,3,2,120,0,1,0,종교,전통,문수산 등산로
5,경기,3,6.8,100,1,1,0,자연,체험,장릉산 산책로
0,경기,2,6,120,0,1,1,자연,체험,계양천 산책로
7,강원,4,18.1,350,0,1,1,자연,체험,단종대왕 유배길
5,경기,3,2,40,0,0,0,도시,체험,금정산 산책로
8,서울,1,2,120,0,1,1,체험,도시,서울도보관광코스
8,강원,3,10.5,210,0,0,1,전통,자연,단종대왕 유배길
5,경기,3,16,330,1,1,0,자연,체험,군포수릿길
5,전남,4,10.4,360,0,1,1,자연,체험,지리산둘레길
4,경기,3,4.8,100,1,0,0,자연,체험,군포수릿길
4,강원,3,13,260,0,1,1,자연,체험,관동팔경 녹색경관길
4,경기,3,5,120,1,0,0,자연,체험,군포수릿길
4,강원,3,19.2,390,0,1,1,자연,체험,관동팔경 녹색경관길
5,경기,3,5.6,120,1,1,0,자연,체험,군포수릿길
5,경북,3,7.2,180,0,0,0,자연,체험,소백산 자락길
5,경기,3,4.5,120,0,1,1,자연,체험,군포수릿길
5,경기,3,5.8,120,0,1,1,체험,자연,군포수릿길
5,경기,2,4,70,0,0,0,체험,자연,군포수릿길
5,경기,2,8,150,0,1,0,체험,자연,군포수릿길
2,경기,2,2.7,60,0,0,0,자연,체험,군포수릿길
2,경기,2,2.27,50,0,0,0,자연,체험,군포수릿길
2,경기,2,3,60,0,0,0,자연,체험,군포수릿길
2,경기,2,4.6,90,0,1,1,도시,자연,군포수릿길
8,경기,3,9,150,1,1,0,자연,체험,부천 둘레길 탐방
5,경기,3,7,150,1,1,1,체험,자연,부천 둘레길 탐방
0,경기,2,6,150,1,1,1,체험,자연,부천 둘레길 탐방
7,경기,2,13,180,1,1,0,도시,체험,부천 둘레길 탐방
5,경기,3,7,120,1,1,1,체험,자연,부천 둘레길 탐방
5,울산,3,8,180,0,0,0,전통,자연,울주옛길
5,울산,3,2.7,48,0,1,0,자연,체험,나래길
2,울산,3,6,180,0,1,0,자연,체험,울산어울길
8,울산,2,5.7,150,1,1,1,전통,자연,학성 역사체험 탐방로
5,울산,4,4.3,150,0,1,1,자연,전통,옥류천 이야기길
4,울산,3,4.8,150,0,1,1,체험,자연,간절곶소망그린길
8,경기,3,8.28,170,0,1,0,자연,체험,고양누리길
5,울산,3,10.3,240,0,0,0,자연,체험,영남알프스 둘레길
5,울산,3,10,300,0,0,0,자연,체험,영남알프스 둘레길
5,울산,3,9.3,240,0,0,0,자연,체험,영남알프스 둘레길
5,울산,3,4.5,120,0,1,0,자연,체험,영남알프스 하늘억새길
5,울산,2,6.6,180,0,1,0,자연,체험,영남알프스 하늘억새길
5,울산,3,6.8,60,0,0,0,자연,체험,영남알프스 하늘억새길
5,울산,2,7,150,1,1,1,자연,체험,영남알프스 하늘억새길
5,울산,3,4.8,240,1,1,0,자연,체험,영남알프스 하늘억새길
3,강원,3,2.4,30,0,0,0,자연,체험,에코뮤지엄트레길
9,경북,2,13.7,240,0,1,0,자연,체험,유교문화길
9,광주,3,22,360,1,1,1,전통,도시,오월인권길
5,전남,3,3,90,0,1,1,자연,체험,무등산자락 무돌길
2,광주,2,13,210,0,1,1,자연,체험,도심건강길
9,경북,3,14.5,270,0,1,0,자연,체험,유교문화길
5,경북,4,18.5,420,0,1,0,자연,체험,외씨버선길
2,서울,3,4.6,120,1,1,1,체험,자연,동네 골목길 관광 코스
2,서울,3,4.2,180,0,1,1,전통,체험,동네 골목길 관광 코스
7,경북,3,11.5,240,0,1,0,전통,자연,외씨버선길
5,경북,3,15.6,360,0,1,0,자연,체험,외씨버선길
5,대구,1,6.2,120,1,1,1,체험,자연,대구올레(팔공산 올레길)
5,대구,1,6.8,150,1,1,1,체험,전통,대구올레(팔공산 올레길)
1,서울,3,3.6,150,0,1,0,전통,체험,동네 골목길 관광 코스
7,경북,3,18.3,420,0,1,0,자연,체험,외씨버선길
1,서울,3,2.1,120,1,1,1,자연,전통,동네 골목길 관광 코스
7,경북,3,11.5,240,1,1,0,자연,전통,외씨버선길
1,대구,2,3.25,150,1,1,1,자연,전통,대구 중구 골목투어
1,서울,3,4,120,0,1,1,도시,전통,동네 골목길 관광 코스
1,서울,3,4,120,0,1,1,도시,전통,동네 골목길 관광 코스
3,경북,3,13.7,360,1,1,1,체험,전통,외씨버선길
1,대구,2,1.64,120,1,1,1,전통,체험,대구 중구 골목투어
1,서울,3,3.4,180,1,1,1,전통,체험,동네 골목길 관광 코스
1,대구,2,2.65,120,1,1,1,체험,도시,대구 중구 골목투어
7,경북,3,8.3,180,0,1,0,자연,체험,외씨버선길
1,서울,3,2.9,180,0,0,0,체험,도시,동네 골목길 관광 코스
1,대구,3,4.95,170,1,1,1,체험,자연,대구 중구 골목투어
1,서울,3,3.6,180,0,1,1,체험,도시,동네 골목길 관광 코스
1,대구,2,2.12,100,1,1,1,종교,전통,대구 중구 골목투어
7,경북,3,18.5,420,0,1,0,자연,체험,외씨버선길
7,경북,3,18.7,420,0,1,1,자연,체험,외씨버선길
1,서울,2,2,180,0,0,0,도시,체험,동네 골목길 관광 코스
1,서울,3,4.6,120,0,0,0,도시,체험,동네 골목길 관광 코스
7,경북,4,15.1,360,1,1,1,자연,체험,외씨버선길
5,대구,3,10.87,330,1,1,1,자연,체험,모명재길
5,대구,3,10.87,330,1,1,1,자연,체험,모명재길
5,대구,3,10.87,330,1,1,1,자연,체험,모명재길
5,대구,3,10.87,330,1,1,1,자연,체험,모명재길
5,경북,3,1.5,40,0,1,0,자연,체험,신흥구간 오솔길
5,경북,3,1.8,50,0,0,0,자연,체험,신흥구간 오솔길
5,대구,3,3.8,150,0,1,1,자연,체험,금계산 명품숲길
1,서울,3,2.1,120,0,1,0,체험,도시,동네 골목길 관광 코스
5,대구,3,31,1180,0,1,0,자연,체험,비슬산 둘레길
1,서울,3,4,90,0,1,1,도시,체험,동네 골목길 관광 코스
5,광주,3,4,80,0,1,1,자연,체험,무등산자락 무돌길
1,서울,2,6.95,120,1,1,1,종교,전통,동네 골목길 관광 코스
5,경북,3,11.4,210,1,1,0,자연,전통,소백산 자락길
1,서울,3,5,150,1,1,1,종교,전통,동네 골목길 관광 코스
5,광주,3,3,60,0,1,0,자연,체험,무등산자락 무돌길
1,서울,3,4,150,0,1,1,체험,도시,동네 골목길 관광 코스
2,광주,3,2,40,0,1,0,자연,전통,무등산자락 무돌길
5,경북,3,7,120,1,1,1,체험,자연,소백산 자락길
5,광주,3,3,60,0,1,1,자연,체험,무등산자락 무돌길
1,서울,1,2,120,0,1,1,도시,체험,서울도보관광코스
1,서울,2,5.52,150,1,1,1,도시,체험,서울도보관광코스
1,서울,2,2.3,60,0,1,1,도시,체험,서울도보관광코스
1,서울,3,2.5,60,0,1,1,체험,도시,서울도보관광코스
5,경북,3,13.8,240,1,1,1,자연,체험,소백산 자락길
5,충남,1,1,40,0,1,0,체험,자연,계룡산 국립공원 탐방로
3,서울,3,4,150,0,1,1,자연,체험,서울도보관광코스
1,서울,2,3.5,210,0,1,1,체험,자연,서울도보관광코스
5,서울,1,0.3,20,0,1,0,자연,체험,북한산둘레길
1,서울,2,4,150,0,1,1,체험,도시,서울도보관광코스
6,전남,3,3.9,80,1,1,1,자연,체험,예리해안길
1,전남,3,4,90,1,1,1,자연,체험,무등산자락 무돌길
9,서울,2,3.8,150,0,1,1,자연,도시,서울도보관광코스
5,광주,3,2,40,0,1,0,자연,체험,무등산자락 무돌길
6,제주,4,5.5,120,0,1,1,자연,도시,함덕북촌마을길
8,서울,3,4,180,0,1,1,도시,체험,서울도보관광코스
0,광주,3,4,90,0,1,1,자연,체험,무등산자락 무돌길
9,서울,2,1.7,180,1,1,1,체험,도시,서울도보관광코스
2,광주,3,3,60,0,1,1,자연,체험,무등산자락 무돌길
8,서울,2,1.2,120,0,1,1,전통,도시,서울도보관광코스
2,광주,3,11.1,180,1,1,1,전통,도시,오월인권길
2,서울,3,2,120,0,1,1,전통,도시,서울도보관광코스
2,광주,2,5.9,90,0,1,1,전통,도시,오월인권길
8,서울,2,1.5,120,0,1,1,전통,도시,서울도보관광코스
2,광주,3,12.5,190,1,1,1,전통,도시,오월인권길
2,광주,3,6.7,60,1,1,1,도시,도시,오월인권길
1,경북,3,18.8,390,1,1,0,자연,체험,감포깍지길
1,서울,3,2,120,0,1,1,도시,전통,서울도보관광코스
2,광주,2,1.5,20,0,1,1,자연,도시,도심건강길
2,광주,1,2.8,30,1,1,1,체험,도시,도심건강길
7,광주,2,2.28,30,0,1,0,자연,도시,도심건강길
2,서울,2,2.7,120,0,1,1,체험,도시,서울도보관광코스
1,경북,2,7.5,150,1,1,1,체험,자연,감포깍지길
0,광주,2,2,35,0,1,0,자연,체험,도심건강길
1,광주,1,3.59,55,0,1,1,자연,체험,도심건강길
1,서울,2,2.3,150,0,0,0,체험,도시,서울도보관광코스
2,광주,1,2.5,30,1,1,1,체험,도시,도심건강길
2,광주,1,2,30,1,1,1,전통,도시,도심건강길
5,경북,4,13.5,360,0,1,0,자연,체험,금강소나무숲길
2,광주,3,27.5,420,0,1,0,체험,종교,대촌 산들길
2,광주,3,9.8,210,1,1,1,자연,체험,빛고을산들길
8,경기,1,9.9,210,0,1,0,체험,자연,경기도 영남길
9,서울,2,3,120,0,1,0,자연,도시,서울도보관광코스
5,경북,4,16.3,360,0,1,0,자연,체험,금강소나무숲길
2,서울,2,2.5,90,0,1,0,체험,도시,서울도보관광코스
1,서울,3,6,150,0,1,1,체험,도시,서울도보관광코스
0,전북,3,13,210,0,1,0,체험,자연,옥정호 물안개길
5,전북,3,5.7,90,0,1,1,자연,체험,상관 편백건강숲길
5,서울,4,4.715,120,1,1,0,전통,도시,서울 한양도성 길
7,전북,3,8,180,1,1,1,체험,자연,건강힐링 녹색길
7,경북,3,8,210,1,1,1,자연,체험,갈산천 구곡길
2,서울,3,3.3,90,0,1,0,전통,도시,서울 한양도성 길
5,경북,3,2.3,90,0,1,1,체험,자연,금오산올레길
2,서울,3,5.2,210,0,1,1,전통,도시,서울 한양도성 길
1,전북,3,18.7,360,1,1,1,전통,자연,구불길
1,전북,2,1.2,30,1,1,1,자연,체험,덕음산 솔바람 건강길
2,서울,4,5.3,180,0,1,1,전통,도시,서울 한양도성 길
4,울산,2,5.2,120,1,1,1,체험,자연,간절곳 소망길
5,울산,1,4.8,90,1,1,1,체험,자연,간절곳 소망길
0,울산,3,15,330,0,1,0,체험,자연,태화강 100리길
0,울산,3,7,180,0,1,1,자연,체험,태화강 100리길
0,울산,3,11,210,0,0,0,자연,체험,태화강 100리길
1,전북,3,12,210,1,1,1,체험,자연,도란도란 시나브로길
2,서울,1,3.8,60,0,1,1,자연,체험,중랑천 제방 산책로
7,경북,1,0.6,15,0,0,0,자연,체험,산수유 꽃시목지 걷는길
7,경북,1,1.7,40,0,0,0,자연,체험,산수유꽃피는 마을 생태탐방로
7,전북,3,6.2,30,1,1,1,체험,자연,백제가요 정읍사 오솔길
0,전북,3,19,360,0,1,1,자연,체험,무주 예향천리마실길
0,경북,2,7.1,150,1,1,1,자연,체험,봉화 솔숲갈래길
1,전북,2,4.5,90,1,1,1,자연,체험,백제가요 정읍사 오솔길
5,경기,3,6.5,130,0,1,0,도시,체험,고양누리길
6,제주,3,13.5,270,0,1,0,자연,체험,한라산둘레길
6,제주,3,11.2,180,0,0,0,자연,체험,한라산둘레길
7,경북,2,12.4,200,1,1,1,도시,자연,승부역가는길
6,제주,3,15,270,0,1,0,자연,체험,한라산둘레길
5,경북,2,5.9,180,0,1,0,자연,체험,신문왕 호국행차 탐방길
6,제주,3,20,420,0,1,0,체험,자연,갑마장길 및 가름질
4,충남,3,6.16,90,0,0,0,자연,자연,철새나그네길
5,서울,3,12.6,310,1,1,1,체험,자연,서울둘레길
5,서울,2,26.1,540,1,1,1,도시,체험,서울둘레길
6,제주,2,6.7,150,1,1,1,도시,자연,한남리 머체왓 숲길
0,경북,1,1,20,0,0,0,자연,체험,알천햇살길
2,서울,3,17.9,480,1,1,1,도시,자연,서울둘레길
1,충북,2,15,300,1,1,1,체험,자연,선암골 생태유람길
5,충북,3,5.7,150,0,0,0,자연,체험,선암골 생태유람길
7,경북,2,26.3,390,1,1,1,체험,자연,위천테마탐방로
5,충북,3,13.8,240,0,1,1,체험,자연,선암골 생태유람길
7,충북,2,8,150,0,1,1,체험,자연,선암골 생태유람길
2,서울,3,16.6,370,0,1,0,체험,전통,서울둘레길
7,충북,1,1.8,40,1,1,1,체험,자연,솔방죽 생태 녹색길
5,서울,3,34.8,1420,0,0,0,자연,전통,서울둘레길
9,충북,3,3,60,0,0,0,자연,체험,증평등잔길
5,경북,3,4.2,90,0,1,0,전통,자연,천생산성 산림욕장 힐링숲길
1,충북,3,1.9,60,1,1,1,체험,자연,바람소리길
5,충북,3,2.5,90,1,1,1,자연,체험,비나리길
5,경북,3,8.2,205,0,0,0,체험,자연,퇴계오솔길
5,충북,3,2.5,90,1,1,1,자연,체험,거북이 별 보러 가는 길
3,경북,3,4.11,100,0,0,0,체험,자연,퇴계오솔길
7,충북,2,3.2,60,1,1,1,자연,체험,진천 초롱길
7,충북,3,13.5,270,0,1,0,자연,체험,충청도양반길
0,경북,3,50.8,1300,1,1,1,체험,자연,낙동강 생태문화 탐방로
5,충북,3,13.4,210,1,1,1,자연,체험,소백산 자락길
5,충북,4,15.8,300,0,1,1,체험,자연,소백산 자락길
5,경북,3,3.3,120,0,1,1,자연,종교,운문신화랑에코트레일
0,경북,1,1.7,30,0,1,0,체험,자연,낙동강 예던길
7,충북,3,13.8,240,1,1,1,체험,자연,소백산 자락길
7,충북,4,18.2,270,0,1,1,자연,체험,소백산 자락길
1,충북,4,14,360,0,0,0,자연,체험,대청호오백리길
7,충북,3,7,180,0,0,0,자연,체험,대청호오백리길
7,충북,4,13,360,0,0,0,자연,체험,대청호오백리길
5,경북,4,9.8,360,0,1,0,체험,자연,왕피천 생태탐방로
1,충북,4,15,300,0,0,0,체험,자연,대청호오백리길
7,충북,3,11,180,0,1,1,체험,자연,대청호오백리길
5,울산,3,2.5,60,0,1,1,체험,자연,강동사랑길
7,울산,3,7,120,0,0,0,자연,체험,걷고 싶은 중구 둘레길
7,울산,1,8,100,0,0,0,자연,체험,걷고 싶은 중구 둘레길
7,울산,2,5,70,0,0,0,자연,체험,걷고 싶은 중구 둘레길
2,울산,3,1.7,40,0,0,0,자연,체험,솔마루길
2,울산,3,4.7,75,0,0,0,자연,체험,솔마루길
5,울산,3,3.4,70,0,0,0,자연,체험,솔마루길
3,울산,3,4,60,0,0,0,자연,체험,솔마루길
5,울산,2,2.175,30,0,1,0,자연,체험,큰마을저수지 둘레길
0,울산,1,2.3,40,1,1,1,자연,체험,명덕호수공원 수변산책로
7,충북,2,7,90,0,0,0,자연,체험,대청호오백리길
7,충북,3,5,150,0,0,0,체험,자연,대청호오백리길
7,경북,2,2,30,1,1,1,자연,체험,양동마을 녹색길
7,충북,4,12,360,0,0,0,자연,체험,대청호오백리길
1,충북,3,14,420,0,0,0,자연,체험,대청호오백리길
5,경남,4,11.5,300,1,1,1,자연,체험,지리산둘레길
5,경남,4,13.9,300,1,1,1,자연,체험,지리산둘레길
5,울산,3,10,300,0,1,0,체험,자연,울산어울길
7,충남,2,3.3,75,0,1,1,자연,체험,느린 꼬부랑길
5,울산,4,14.5,360,0,1,0,자연,체험,울산어울길
8,충북,4,14,420,0,0,0,자연,전통,대청호오백리길
7,경북,3,4,90,1,1,1,전통,자연,금오서원 녹색길
7,충북,2,9,180,0,0,0,체험,자연,대청호오백리길
7,경북,3,7,130,0,0,0,체험,자연,풍기인삼 개삼터길
0,충북,3,9,270,0,1,1,자연,체험,대청호오백리길
7,충북,4,8.5,300,0,0,1,자연,체험,대청호오백리길
0,대전,2,10.3,240,1,1,1,체험,자연,갑천누리길
0,대전,3,16.6,240,1,1,1,체험,전통,갑천누리길
5,대전,3,13,240,1,1,1,체험,전통,갑천누리길
5,경북,3,1.7,40,0,1,0,자연,체험,낙동 다락논 녹색길
5,경북,3,4.4,90,1,1,1,자연,체험,선유동천 나들길
5,경북,4,6.3,240,0,0,0,체험,자연,만경강산 나루길
0,경북,3,4.7,80,1,1,1,자연,체험,신성계곡 녹색길
5,광주,4,6.6,180,0,1,0,체험,자연,걷고싶은 누리길
7,경북,3,3,60,1,1,1,자연,체험,신성계곡 녹색길
0,광주,2,8.6,150,0,1,1,자연,체험,황룡강 누리길
7,경북,3,4.7,105,1,1,1,자연,체험,신성계곡 녹색길
7,광주,3,13.5,360,0,1,0,자연,체험,황룡강 누리길
0,광주,3,8.9,210,0,1,1,자연,체험,황룡강 누리길
5,광주,3,7,150,0,0,0,자연,체험,어등산 탐방 누리길
0,경북,3,6.5,80,1,1,1,체험,자연,몰래길
7,경북,2,6.5,130,1,1,1,자연,체험,동명 누리길
0,부산,2,2.3,40,1,1,1,체험,자연,범어사 문화체험 누리길
5,경북,3,5.5,240,0,1,1,자연,체험,청량산 유림길
1,부산,2,7.5,120,0,1,1,종교,자연,수영강 상류 누리길
0,경북,2,0.4,5,1,1,0,자연,체험,우륵교 연결길
2,부산,2,1.7,30,0,1,1,자연,체험,선동 누리길
0,부산,2,1.6,30,0,1,0,도시,체험,반송동 석대천변 누리길
0,경북,2,3.8,60,1,1,1,자연,체험,관호산성 둘레길
5,인천,3,7.93,120,1,1,1,체험,자연,계양산 주변 누리길
1,대전,3,3.5,90,0,1,0,자연,체험,대청호 누리길
3,경북,3,10,180,0,1,1,자연,체험,불영사계곡 녹색길
5,경기,4,10.5,300,1,1,1,자연,체험,의정부소풍길
7,울산,3,6.08,90,0,1,1,전통,자연,강동사랑길
5,경북,5,7.5,240,0,1,1,종교,자연,불영사계곡 녹색길
5,경북,3,11,240,1,1,1,전통,자연,불영사계곡 녹색길
7,울산,3,7,120,0,1,1,종교,체험,성안옛길
7,울산,3,3.5,60,0,1,1,체험,자연,성안옛길
2,대구,3,1.5,30,0,1,0,체험,자연,마비정 누리길
6,제주,1,1.8,30,0,1,1,자연,체험,닭머르해안길
7,대구,4,5.5,150,0,1,0,체험,자연,마비정 누리길
1,울산,3,7,100,1,1,1,체험,자연,입화산 참살이 숲 누리길
5,울산,3,6.3,90,1,1,0,체험,자연,입화산 참살이 숲 누리길
2,대구,2,1.4,25,0,1,0,체험,자연,마비정 누리길
7,대구,3,5.2,90,0,1,0,자연,체험,가창 누리길
7,대구,1,7.7,110,0,1,1,종교,전통,가창 누리길
6,제주,3,10.3,240,0,1,1,자연,체험,환해장성로
7,울산,3,10.5,150,1,1,1,자연,체험,중구 누리길
9,대구,4,11.6,180,0,1,1,체험,종교,가창 누리길
7,울산,3,3.8,60,0,1,0,자연,체험,중구 누리길
6,제주,1,10.6,240,0,1,0,자연,체험,노을해안길
7,경북,3,10,180,1,1,0,자연,체험,행복누리길
5,경북,3,4.2,100,1,1,0,종교,자연,생명누리길
8,대구,3,4.3,80,0,1,0,체험,자연,팔공산 왕건길
5,경남,3,4.1,300,0,0,1,자연,체험,장복산 누리길
5,대구,3,4.5,140,0,0,0,자연,체험,팔공산 왕건길
6,제주,3,4.8,90,0,1,1,자연,체험,엄장해암길
7,대구,3,5.4,140,1,1,0,체험,자연,팔공산 왕건길
7,경남,1,5,60,0,0,0,체험,자연,국화꽃 향기 속으로
4,강원,5,15,240,0,1,0,체험,전통,관동별곡800리길
3,대구,3,3.3,60,1,1,0,체험,자연,팔공산 왕건길
5,경남,3,43.76,1240,0,1,0,체험,자연,양산 누리길
5,경남,2,2.3,100,0,1,0,자연,체험,김해 백두산 누리길
5,대구,3,5.2,120,0,0,0,체험,자연,팔공산 왕건길
5,전남,3,8.2,240,0,1,1,자연,체험,지리산둘레길
4,전북,3,18,300,1,1,1,자연,체험,변산마실길
5,대구,3,5,120,0,0,0,자연,체험,팔공산 왕건길
5,대구,3,3.3,130,0,1,0,체험,자연,팔공산 왕건길
5,대구,3,4,110,1,0,1,자연,체험,팔공산 왕건길
5,경남,2,6,150,0,1,1,자연,체험,가야산소리길
4,강원,2,14.8,240,0,1,0,체험,전통,관동별곡 8백리길
4,강원,3,6.3,90,0,1,0,자연,체험,관동별곡 8백리길
4,강원,2,7.7,120,0,0,0,자연,체험,관동별곡 8백리길
5,서울,2,3.1,90,1,1,1,자연,체험,북한산둘레길
4,강원,3,20,420,0,1,0,종교,자연,해오름길
7,경북,2,1.1,30,0,1,0,체험,전통,미숭산 둘레길
5,서울,3,2.3,70,1,1,0,자연,전통,북한산둘레길
7,경북,3,1.5,90,0,1,0,자연,체험,미숭산 둘레길
4,강원,3,16.2,240,0,1,0,자연,체험,아들바위 가는 길
5,서울,3,4.1,120,0,1,1,체험,자연,북한산둘레길
5,경북,4,0.9,50,0,0,0,자연,자연,미숭산 둘레길
5,경북,4,24.4,180,1,1,0,체험,전통,봉좌산 숲길
5,서울,3,2.1,60,0,1,1,자연,체험,북한산둘레길
5,서울,3,2.4,70,0,1,1,자연,체험,북한산둘레길
5,경북,3,9.3,210,0,1,0,자연,체험,미륵령숲길
5,서울,4,5,150,0,1,1,체험,전통,북한산둘레길
1,서울,4,2.7,100,0,1,1,체험,전통,북한산둘레길
3,강원,1,1.1,30,0,1,1,자연,체험,명품금강소나무 숲길
5,경남,3,6,90,0,1,1,자연,체험,함양 선비문화탐방로
3,서울,4,5.2,150,0,1,1,체험,자연,북한산둘레길
5,경남,3,4.1,90,1,1,1,체험,자연,함양 선비문화탐방로
5,서울,2,1.5,45,0,1,1,자연,체험,북한산둘레길
0,경북,3,2,30,1,1,1,체험,전통,안동 호반나들이길
5,경남,2,2,30,0,1,0,전통,종교,황산강 베랑길
5,경북,3,5.26,210,0,1,1,자연,체험,왕모산 숲길
8,서울,3,3.5,105,0,1,1,자연,체험,북한산둘레길
6,경남,3,19.4,360,0,1,1,자연,체험,무지개길
0,경북,3,3,60,0,1,0,체험,자연,왕피천 은어길
1,서울,3,3.3,90,0,1,1,종교,자연,북한산둘레길
5,경북,2,7,250,0,1,1,자연,체험,일월산숲길
5,서울,3,3.7,105,0,1,1,자연,체험,북한산둘레길
8,경남,3,14,270,0,1,1,자연,체험,문화유산여행길
5,서울,3,5.3,160,0,1,1,종교,자연,북한산둘레길
5,서울,5,2.3,70,0,1,1,체험,자연,북한산둘레길
5,서울,3,4.7,140,1,1,1,체험,전통,북한산둘레길
5,서울,4,2.9,90,0,1,1,자연,체험,북한산둘레길
5,서울,3,3.1,90,0,1,1,체험,자연,북한산둘레길
1,경남,4,11,250,1,1,1,체험,자연,상족암길
5,서울,2,3.1,90,1,1,1,종교,자연,북한산둘레길
8,서울,3,3.1,90,1,0,1,자연,체험,북한산둘레길
5,경북,4,12.6,270,0,1,0,자연,체험,소백산 자락길
4,부산,2,12.2,240,0,1,1,체험,자연,갈맷길
4,부산,1,5.7,120,0,1,1,자연,체험,갈맷길
0,경북,4,15.6,270,0,1,1,체험,도시,소백산 자락길
5,경북,3,6.5,120,1,0,1,체험,자연,소백산 자락길
4,부산,2,13,240,0,1,1,체험,자연,갈맷길
5,경북,2,8,180,1,1,1,체험,자연,소백산 자락길
4,부산,3,22,360,1,1,1,자연,체험,갈맷길
3,부산,3,13.2,240,0,1,1,자연,체험,갈맷길
3,부산,3,12.5,300,1,1,1,자연,체험,갈맷길
3,충남,3,12,240,1,1,0,자연,체험,태안 해변길
5,부산,2,9.3,240,0,1,1,자연,체험,갈맷길
0,부산,3,10.2,180,1,1,1,자연,체험,갈맷길
4,충남,4,22,480,0,1,0,체험,전통,태안 해변길
0,부산,2,11.5,180,0,0,1,자연,체험,갈맷길
0,부산,1,5,90,1,1,1,자연,도시,낙동강 하구 생태길
3,충남,2,16,240,0,1,1,자연,체험,태안 해변길
0,부산,2,6.3,120,1,1,0,자연,체험,낙동강 하구 생태길
0,부산,2,6.8,120,1,1,0,자연,체험,낙동강 하구 생태길
4,충남,2,12,240,0,1,1,자연,체험,태안 해변길
5,경남,4,10.6,360,0,1,1,자연,종교,지리산둘레길
0,부산,1,6.2,120,1,1,1,자연,체험,낙동강 하구 생태길
4,충남,3,13,240,0,1,1,자연,체험,태안 해변길
4,충남,3,16,300,0,1,1,체험,자연,태안 해변길
5,충남,3,11.6,450,1,1,1,자연,체험,계룡산 둘레길
7,경남,4,13.3,450,1,1,1,자연,체험,지리산둘레길
5,경남,5,8.5,300,1,1,1,자연,체험,지리산둘레길
8,경남,2,5,120,0,1,1,전통,체험,가야사 누리길
5,경남,3,7,180,1,1,1,자연,체험,지리산둘레길
5,경남,3,7.4,120,0,1,1,자연,체험,자굴산 둘레길
5,경남,3,6,150,1,1,1,자연,체험,감악산 물맞이길
5,경남,3,7.6,180,1,1,1,전통,자연,감악산 물맞이길
5,경남,3,12,240,1,1,1,전통,자연,한려해상 바다백리길
5,경남,5,2.5,90,0,1,1,자연,체험,감악산 물맞이길
6,경남,3,18.2,390,1,1,1,자연,체험,섬＆섬길
7,경남,1,1.5,40,0,1,1,자연,체험,감악산 물맞이길
5,전남,3,15.9,420,1,1,1,자연,체험,지리산둘레길
5,경남,4,5.3,150,0,1,0,자연,체험,화왕산스토리테마 둘레길
1,경남,3,1,60,1,1,0,체험,자연,동의보감 허준순례길
3,경남,3,5,150,0,1,0,자연,체험,화왕산스토리테마 둘레길
1,경남,3,7.5,180,0,1,0,체험,자연,밀양연극.고가탐방로
1,경남,2,6.2,180,1,1,0,체험,전통,밀양아리랑길
4,강원,3,12.7,270,0,1,1,자연,체험,해파랑길
4,강원,1,1.6,20,0,1,0,자연,체험,관동팔경 녹색경관길
8,경남,3,4.2,180,1,1,0,전통,체험,밀양아리랑길
3,경남,3,17.4,240,0,1,1,전통,체험,동의보감 둘레길
5,경남,4,4.2,120,0,1,0,자연,체험,화왕산스토리테마 둘레길
0,경남,3,5.6,180,0,1,0,전통,체험,밀양아리랑길
5,강원,2,2.4,60,0,1,1,자연,체험,관동팔경 녹색경관길
4,강원,2,5.7,80,0,1,1,자연,체험,관동팔경 녹색경관길
3,경남,2,4.3,120,1,1,1,체험,전통,신라 진흥왕행차길
4,강원,2,6.5,90,0,1,1,자연,체험,관동팔경 녹색경관길
7,경남,1,1.7,30,0,0,0,자연,체험,황강마실길
8,경남,2,8,240,1,1,1,전통,체험,신라 진흥왕행차길
4,강원,2,6.5,90,1,1,1,자연,체험,관동팔경 녹색경관길
8,경남,3,6.3,180,1,1,1,자연,체험,역사문화 부잣길
3,강원,2,4.6,60,1,1,1,자연,체험,관동팔경 녹색경관길
8,경남,3,12.8,360,1,1,1,자연,체험,역사문화 부잣길
4,강원,2,4.1,60,0,1,1,자연,체험,관동팔경 녹색경관길
0,경남,1,3.3,50,0,1,1,자연,체험,황강마실길
4,강원,2,3.2,50,0,1,1,자연,체험,관동팔경 녹색경관길
7,강원,2,6.5,120,0,0,0,자연,체험,관동팔경 녹색경관길
8,경남,3,7,150,0,1,1,자연,체험,남해 바래길
4,강원,2,5.4,75,0,1,1,자연,체험,관동팔경 녹색경관길
8,강원,4,8.5,190,0,1,1,자연,체험,관동팔경 녹색경관길
4,강원,2,4.4,90,0,1,1,자연,체험,관동팔경 녹색경관길
5,전남,3,13,330,1,1,1,체험,종교,지리산둘레길
4,강원,2,3.6,60,0,1,1,자연,체험,관동팔경 녹색경관길
6,경남,3,8.5,300,0,1,1,자연,전통,섬＆섬길
0,경남,1,2.7,40,0,1,0,자연,체험,황강마실길
4,강원,1,5.62,81,0,1,1,자연,체험,관동팔경 녹색경관길
0,경남,3,4.1,60,0,1,1,자연,체험,황강마실길
4,부산,1,2,60,0,1,1,자연,체험,근대선창길
0,경남,1,1.9,60,1,1,1,체험,자연,삼화 옛길 생태관찰로
0,강원,3,17.5,420,0,1,1,자연,체험,바우길
0,부산,1,1.67,30,0,1,0,자연,체험,노을나루길
4,강원,4,9.3,300,0,1,0,도시,자연,바우길
0,부산,3,10.1,220,1,1,1,체험,전통,가람낙조길
7,부산,2,4,60,1,1,0,도시,체험,초록누리길
5,경남,3,8.4,150,1,1,1,자연,체험,우포늪 생명길
7,경남,3,6,150,0,1,1,자연,체험,창원 둘레길
4,강원,3,14,360,1,1,1,체험,자연,바우길
5,강원,3,11,240,1,1,1,종교,전통,바우길
0,강원,3,16.3,360,1,1,1,자연,체험,바우길
0,경남,2,9.2,180,1,1,1,자연,체험,화포천아우름길
4,강원,3,12.5,240,1,1,1,자연,체험,바우길
2,부산,3,3.5,90,1,1,1,체험,자연,동구 씽씽 테마로드
0,강원,3,13,300,0,1,0,자연,체험,바우길
7,울산,3,11.5,360,0,1,0,자연,체험,울산어울길
0,울산,3,11,300,0,1,0,자연,체험,울산어울길
0,울산,2,8,240,0,1,1,도시,체험,울산어울길
2,울산,3,14,360,0,1,1,도시,체험,울산어울길
4,울산,3,3.2,90,0,1,1,자연,체험,강동사랑길
4,울산,3,2.6,80,0,1,0,자연,체험,강동사랑길
3,울산,3,4.7,130,0,1,1,체험,자연,강동사랑길
3,울산,3,5.9,150,0,1,1,체험,자연,강동사랑길
4,울산,3,2.9,90,1,1,0,자연,체험,강동사랑길
3,강원,3,11,240,1,1,1,자연,체험,바우길
5,강원,3,15.5,360,1,1,1,자연,전통,바우길
0,강원,3,10.5,240,1,1,1,전통,자연,바우길
1,강원,3,11,240,1,1,0,자연,체험,바우길
1,강원,3,12,300,1,1,0,자연,체험,바우길
4,부산,3,17.8,360,0,1,1,자연,체험,해파랑길
6,제주,3,15,300,1,1,1,자연,체험,제주 올레길
4,부산,3,16.3,300,0,1,1,자연,도시,해파랑길
5,강원,5,74.4,7200,0,0,0,체험,자연,바우길
4,부산,3,20.5,420,0,1,1,종교,자연,해파랑길
6,제주,3,15.4,300,0,1,1,체험,자연,제주 올레길
7,경남,3,16.7,420,1,1,1,자연,체험,지리산둘레길
4,울산,2,19.1,420,0,1,1,자연,체험,해파랑길
6,제주,3,14.8,360,0,1,0,자연,체험,제주 올레길
4,울산,2,17.6,360,0,1,1,자연,도시,해파랑길
5,경남,3,9.4,240,1,1,1,자연,체험,지리산둘레길
3,울산,3,15.6,390,1,1,1,자연,체험,해파랑길
5,경남,3,9.7,240,1,1,1,자연,체험,지리산둘레길
6,제주,3,14.4,300,0,1,0,자연,체험,제주 올레길
0,울산,1,17.1,330,1,1,1,체험,자연,해파랑길
4,울산,3,12.5,300,0,1,1,자연,체험,해파랑길
4,울산,3,19.3,390,0,1,1,자연,체험,해파랑길
6,제주,3,14.8,300,0,1,0,자연,체험,제주 올레길
6,제주,4,19.2,420,0,1,0,자연,체험,제주 올레길
4,울산,1,14.1,300,1,1,1,자연,체험,해파랑길
6,제주,4,7.5,240,0,1,0,자연,체험,제주 올레길
8,경북,3,18.8,300,1,1,1,자연,전통,해파랑길
6,제주,3,15.5,300,0,1,0,자연,체험,제주 올레길
4,경북,3,19,390,0,1,1,자연,체험,해파랑길
6,제주,2,5,120,0,0,0,자연,체험,제주 올레길
7,경남,2,12.5,240,1,1,1,자연,체험,지리산둘레길
4,경북,2,14.1,270,1,1,1,자연,체험,해파랑길
6,제주,4,17.5,360,0,1,0,자연,체험,제주 올레길
4,경북,3,14.7,360,0,1,0,체험,자연,해파랑길
4,경북,3,22.4,480,0,1,1,자연,체험,해파랑길
4,경북,3,17.9,360,1,1,1,자연,체험,해파랑길
6,제주,3,17.1,330,0,1,1,자연,체험,제주 올레길
4,경북,2,19.3,390,1,1,1,자연,체험,해파랑길
6,제주,3,14.7,270,0,1,0,자연,체험,제주 올레길
6,제주,3,19,360,0,1,1,자연,체험,제주 올레길
7,경남,3,12.7,300,1,1,1,자연,종교,지리산둘레길
6,제주,4,17,360,0,1,0,체험,자연,제주 올레길
4,경북,2,15.8,360,0,1,1,자연,자연,해파랑길
6,제주,3,19.1,360,0,1,0,자연,자연,제주 올레길
5,전북,2,9.9,240,1,1,1,전통,자연,지리산둘레길
6,제주,3,19.2,360,0,1,1,자연,체험,제주 올레길
4,경북,3,16.3,360,0,1,1,체험,자연,해파랑길
6,제주,4,17.5,420,0,1,1,자연,체험,제주 올레길
4,경북,1,11.9,240,0,1,1,자연,체험,해파랑길
4,경북,2,18.1,360,0,1,1,자연,체험,해파랑길
6,제주,3,17.4,330,0,1,0,자연,체험,제주 올레길
4,경북,2,23.3,450,0,1,1,도시,자연,해파랑길
6,제주,3,10.1,210,0,1,0,자연,체험,제주 올레길
3,경북,2,13.1,300,1,1,1,체험,자연,해파랑길
3,경북,2,11.4,210,0,1,1,체험,자연,해파랑길
4,경북,3,10.7,300,0,1,1,자연,체험,해파랑길
1,강원,3,18.3,450,0,1,1,자연,체험,해파랑길
3,강원,3,7,150,0,1,1,체험,자연,해파랑길
4,강원,2,8.9,180,0,1,1,체험,전통,해파랑길
4,강원,3,22.5,450,0,1,1,자연,체험,해파랑길
4,강원,1,13.3,260,0,1,1,자연,도시,해파랑길
4,강원,3,18.9,390,0,1,1,자연,체험,해파랑길
4,강원,4,13.8,300,0,1,1,체험,자연,해파랑길
1,강원,5,9.4,300,0,1,1,도시,자연,해파랑길
4,강원,3,18,390,0,1,1,자연,체험,해파랑길
3,강원,4,18.4,420,0,1,1,체험,자연,해파랑길
3,강원,1,15.9,330,0,1,1,체험,자연,해파랑길
4,강원,1,12.2,240,1,1,1,체험,자연,해파랑길
1,강원,1,9.9,210,0,1,1,자연,체험,해파랑길
5,강원,1,9.4,180,0,1,1,자연,체험,해파랑길
4,강원,2,12.7,270,0,1,1,자연,체험,해파랑길
3,강원,2,16.7,360,0,1,1,체험,자연,해파랑길
4,강원,1,15,300,0,1,1,자연,체험,해파랑길
3,강원,2,9.7,210,0,1,1,자연,체험,해파랑길
4,강원,1,16.6,300,0,1,1,자연,체험,해파랑길
8,강원,3,11.7,180,0,1,1,체험,전통,해파랑길
5,충남,3,8,212,1,1,1,체험,자연,계룡산 생태탐방 누리길
4,경남,3,19.7,600,0,1,1,자연,체험,지리산 자락길
4,대전,3,14.5,210,0,1,0,자연,체험,계족산 황톳길
4,경북,2,15.7,360,1,1,1,자연,전통,낙동정맥 트레일
4,경북,2,8,210,1,1,1,전통,자연,낙동정맥 트레일
4,경북,4,10.3,330,0,0,1,자연,체험,낙동정맥 트레일
4,경북,3,8,210,0,0,0,자연,체험,낙동정맥 트레일
4,경북,5,7,210,0,0,1,체험,자연,낙동정맥 트레일
4,경북,4,10,240,0,0,1,자연,체험,낙동정맥 트레일
4,경북,3,29.6,600,1,1,1,도시,자연,낙동정맥 트레일
4,경북,3,11.4,240,1,1,1,도시,자연,낙동정맥 트레일
4,경북,3,29,600,1,1,1,자연,전통,낙동정맥 트레일
4,서울,1,1.7,40,0,1,1,도시,자연,염리동 소금길
4,경북,4,11,180,0,1,0,자연,체험,낙동정맥 트레일
4,경북,3,9.4,210,0,1,1,자연,체험,낙동정맥 트레일
4,경북,3,12,240,1,1,1,도시,체험,낙동정맥 트레일
4,경북,3,15,270,0,0,0,도시,자연,낙동정맥 트레일
4,경북,3,73.11,1200,0,1,0,자연,체험,낙동정맥 트레일
4,경북,3,9.5,210,1,1,1,체험,자연,낙동정맥 트레일
4,경북,3,12.8,300,1,1,1,자연,체험,내연산숲길
4,경북,2,3,60,0,0,0,자연,체험,칠선~용성간 숲길
4,경북,2,1.3,30,1,1,1,자연,종교,황장목 숲길
4,강원,2,9.4,180,0,1,1,자연,체험,영금정길
4,경기,1,8,120,0,1,1,체험,체험,오산 도보여행코스
4,경기,3,4.23,120,1,1,1,자연,체험,오산 도보여행코스
4,경기,3,3.25,120,1,0,0,자연,체험,오산 도보여행코스
4,경기,3,5,150,1,1,0,전통,체험,오산 도보여행코스
4,경기,2,6.4,120,1,1,1,자연,체험,의왕 누리길
4,경기,3,5.3,120,1,1,0,자연,체험,의왕 누리길
4,경기,3,4.2,90,1,1,0,자연,체험,의왕 누리길
4,경기,3,10.4,180,0,0,0,체험,자연,의왕 산들길
4,경기,2,8.7,150,1,1,1,종교,전통,경기도 삼남길
4,경기,2,3.5,60,1,1,1,도시,자연,경기도 삼남길
4,경기,3,12.6,220,1,1,1,도시,전통,경기도 삼남길
4,경기,3,7.1,120,1,1,1,체험,자연,경기도 삼남길
4,경기,3,7,120,1,1,1,자연,체험,경기도 삼남길
4,경기,3,6.8,110,1,1,1,체험,자연,경기도 삼남길
4,경기,4,7.2,120,1,1,1,전통,자연,경기도 삼남길
4,경기,3,5.3,90,1,1,1,전통,자연,경기도 삼남길
4,경기,3,17.4,290,1,1,1,전통,자연,경기도 삼남길
4,경기,3,14.5,240,1,1,1,전통,자연,경기도 삼남길
4,경기,2,16.6,240,0,1,1,자연,체험,평화누리길
4,경기,3,8,200,0,1,0,체험,자연,평화누리길
4,경기,3,10.1,160,1,1,1,체험,자연,평화누리길
4,경기,3,13.6,210,1,1,1,체험,자연,평화누리길
4,경기,2,10,170,0,1,1,자연,체험,평화누리길
4,경기,4,21,390,0,1,0,자연,체험,평화누리길
4,경기,3,13,220,0,1,1,자연,체험,평화누리길
4,경기,4,17,260,0,1,1,자연,체험,평화누리길
4,경기,3,24,400,0,1,0,체험,자연,평화누리길
4,경기,2,13.3,240,1,0,1,도시,체험,두물머리길
4,경기,2,7,120,0,1,1,도시,자연,두물머리길
4,경기,2,5,120,1,1,1,자연,체험,한탄강 어울길
4,경기,3,3,630,1,1,1,자연,체험,한탄강 어울길
4,경기,2,2.5,70,1,1,1,자연,전통,한탄강 어울길
4,경기,2,5,120,0,1,1,자연,체험,하남위례길
4,경기,2,13.5,240,1,1,0,자연,체험,하남위례길
4,경기,2,5.8,120,1,1,1,전통,자연,하남위례길
4,경기,4,39.7,480,1,1,1,전통,자연,하남위례길
4,경기,3,15.3,300,1,1,1,자연,체험,여강길
4,경기,3,19.7,420,1,1,1,자연,체험,여강길
4,경기,3,17,360,1,1,1,자연,체험,여강길
4,경기,4,13,330,1,1,0,전통,자연,토성산성어울길
4,서울,1,0.6,20,0,1,0,전통,자연,북한산둘레길
4,전북,3,15.6,360,1,1,1,자연,종교,구불길
4,전남,3,15,300,0,1,1,자연,체험,섬진강 둘레길
4,전북,2,14.7,360,1,1,1,자연,체험,지리산둘레길
4,전남,3,7,120,0,1,1,자연,체험,증도모실길
4,전남,2,4.6,90,1,1,1,자연,체험,증도모실길
4,전남,3,10.3,180,0,1,1,자연,체험,증도모실길
4,전남,2,10.8,180,0,1,0,체험,자연,증도모실길
4,전남,3,11.2,190,0,1,0,도시,자연,갈재길
4,강원,3,10.7,240,0,1,0,종교,자연,오대산 선재길
4,전북,2,10.3,150,0,1,1,체험,자연,흥부길
4,충북,3,7.84,120,1,1,1,체험,자연,중원문화길
4,충북,3,11.9,240,0,1,0,전통,자연,중원문화길
4,경북,3,8.9,210,1,1,1,체험,자연,새재넘어 소조령길
4,충북,3,8.1,150,0,1,1,체험,자연,새재넘어 소조령길
4,충북,3,9.5,180,0,1,0,자연,체험,새재넘어 소조령길
4,충북,2,9,180,0,1,1,전통,자연,새재넘어 소조령길
4,전북,4,20.7,420,0,1,1,자연,체험,함라산둘레길
4,전북,3,21.3,360,0,1,1,종교,체험,함라산둘레길
4,전북,3,9.04,180,0,1,1,전통,체험,고인돌 질마재 따라 100리길
4,전북,2,8.7,150,1,1,0,자연,자연,고인돌 질마재 따라 100리길
4,전북,3,10.8,210,0,1,0,체험,자연,고인돌 질마재 따라 100리길
4,강원,3,12,240,1,1,1,체험,자연,바우길
4,강원,4,14,360,1,1,1,체험,체험,바우길
4,강원,4,12.5,300,0,1,1,자연,자연,바우길
4,강원,3,18,360,1,1,1,체험,자연,바우길
9,강원,2,16,360,1,1,1,체험,전통,바우길
5,강원,3,18.5,420,1,1,1,체험,체험,바우길
0,경남,2,18,240,0,0,0,전통,전통,산청백의종군로
0,대전,3,3.5,120,0,1,0,체험,전통,대청호반길
0,대전,3,7,180,0,0,0,자연,전통,대청호반길
0,대전,2,3,60,0,0,0,자연,전통,대청호반길
0,대전,3,2.5,60,0,0,0,자연,전통,대청호반길
0,대전,4,5,120,0,0,0,자연,전통,대청호반길
0,대전,4,6,180,0,0,0,자연,전통,대청호반길
0,대전,3,4.5,120,1,1,1,자연,전통,대청호반길
5,대전,2,6.5,180,0,0,0,자연,전통,대청호반길
5,경남,4,13.4,300,1,1,1,자연,전통,지리산둘레길
5,경북,1,2.2,90,1,1,1,자연,체험,주왕산 탐방로
5,부산,1,1.2,60,1,1,1,자연,자연,구포 무장애 숲길
1,서울,1,1.3,40,1,1,1,도시,체험,관악산공원 무장애 숲길
4,충북,3,19.7,270,1,1,1,자연,체험,청풍호 자드락길
8,충북,3,7.3,180,1,1,1,자연,체험,청풍호 자드락길
5,충북,3,1.6,60,1,1,1,자연,체험,청풍호 자드락길
7,충북,3,5.4,60,1,1,1,자연,체험,청풍호 자드락길
5,충북,3,5.2,150,1,1,1,자연,자연,청풍호 자드락길
7,충북,3,9.9,240,1,1,1,체험,체험,청풍호 자드락길
5,충북,3,8.9,220,0,1,0,자연,전통,청풍호 자드락길
7,전북,4,12.5,240,0,0,0,체험,자연,예향천리 장수마실길
7,전북,4,9,180,0,1,1,전통,자연,예향천리 장수마실길
7,전북,5,30.6,600,0,0,0,체험,자연,예향천리 장수마실길
5,전북,2,5,90,1,1,1,전통,전통,변산마실길
4,전북,1,6,90,1,1,1,자연,전통,변산마실길
5,강원,3,7,120,0,0,0,자연,체험,happy700길
7,전북,3,7,120,1,1,1,자연,자연,변산마실길
4,강원,3,23.6,540,0,1,1,전통,체험,외씨버선길
4,경북,3,6,180,0,1,1,자연,전통,신선계곡 생태 탐방로
8,전북,3,5,90,1,1,1,체험,전통,변산마실길
1,전북,4,12.9,210,0,1,0,자연,전통,진안고원길
1,전북,3,9,120,1,1,1,자연,체험,변산마실길
5,전북,4,11,150,0,1,0,자연,체험,변산마실길
4,전북,3,17.8,360,1,1,1,자연,체험,진안고원길
6,전남,1,11.2,210,0,1,0,자연,체험,수류미등대길
4,전북,3,12,180,1,1,1,자연,전통,변산마실길
7,강원,2,6.2,90,0,1,0,자연,전통,맹방해변길
7,전북,3,9.5,130,0,1,1,체험,전통,금구 명품길
7,전북,3,11.9,270,1,1,0,체험,전통,진안고원길
4,전북,4,11,150,0,1,1,자연,체험,변산마실길
4,제주,5,17,300,0,1,1,자연,체험,우도 해안도로
2,경북,3,2.6,90,0,1,1,자연,전통,행남해안산책로
4,경북,3,8,120,0,1,0,자연,체험,고래불 명사이십리길
4,부산,3,10.6,270,1,1,1,자연,체험,절영해안산책로
4,전남,5,16.1,360,0,1,0,자연,전통,청산도 슬로길
7,강원,2,10.5,150,0,1,0,자연,체험,망상해변길
4,울산,2,3.6,80,0,1,0,자연,체험,새천년로
4,부산,3,12,240,0,1,0,자연,체험,기장 해안산책로
4,전남,3,13.3,480,0,1,0,자연,도시,유월갯벌해안길
4,부산,3,7,180,0,1,0,자연,체험,해운대삼포길
4,전남,2,7.6,120,1,1,1,자연,체험,돌머리해안길
4,부산,2,4,120,1,1,0,자연,체험,몰운대길
4,전남,4,16.8,300,1,1,1,자연,자연,백수해안해당화길
4,경남,3,4.3,80,0,1,0,체험,자연,수륙해안산책로
3,제주,3,4.9,210,0,1,1,체험,체험,작가의산책길
4,충남,3,14.2,300,0,1,0,자연,체험,서산아라메길
6,경기,3,6.4,130,0,1,1,자연,도시,제부 모세 3색 체험 해안길
8,서울,2,1.6,45,1,0,1,자연,체험,북한산둘레길
4,경기,2,5,100,1,1,1,자연,자연,황금해안길
6,경남,4,16.5,300,1,1,1,체험,체험,물미해안도로
7,경남,3,4,60,1,1,1,자연,도시,다랭이길
4,경기,3,11.4,210,0,1,1,자연,체험,대부해솔길
4,전남,3,3.6,90,0,1,0,자연,도시,해수욕장길
4,전북,3,10,150,0,1,1,자연,자연,새만금 바람길
8,경남,1,3.5,60,1,1,1,체험,전통,공룡화석지해변길
6,인천,3,3,90,0,1,0,자연,도시,오군포?장촌 해안길
9,전북,3,25.9,480,0,1,1,종교,종교,아름다운 순례길
3,경기,3,7.6,180,0,1,1,도시,도시,의정부소풍길
5,서울,2,6.8,120,0,1,1,자연,도시,북한산둘레길
8,전북,3,17.2,360,1,1,1,전통,도시,구불길
8,전북,3,18.3,390,1,1,1,자연,체험,구불길
8,전북,3,18.4,390,1,1,1,자연,도시,구불길
4,전북,3,12.3,360,1,1,1,자연,도시,구불길
4,전북,4,28,480,1,1,1,자연,전통,구불길
5,강원,5,15.4,480,1,1,1,체험,자연,외씨버선길
3,강원,3,12.4,300,1,1,1,체험,체험,외씨버선길
6,전남,3,1.2,35,0,0,0,자연,체험,가거도탐방길
6,전남,3,3,90,0,0,0,자연,체험,가거도탐방길
6,전남,3,3,90,0,0,0,자연,체험,가거도탐방길
6,전남,3,4,120,0,0,0,자연,체험,가거도탐방길
6,전남,3,3,90,0,0,0,자연,체험,가거도탐방길
6,전남,3,2,60,0,0,0,자연,전통,가거도탐방길
5,경기,3,7.5,210,1,1,1,자연,전통,의정부소풍길
5,경기,3,6.5,180,0,1,1,자연,전통,의정부소풍길
2,경기,2,8.1,240,1,1,1,자연,전통,의정부소풍길
0,경기,2,6.28,180,0,1,1,자연,전통,의정부소풍길
5,강원,3,13,330,0,0,0,자연,전통,happy700길
8,경기,3,15.8,420,1,1,0,자연,도시,자신을 만나는 구리 둘레길
8,경기,2,9.6,180,1,1,1,자연,도시,자신을 만나는 구리 둘레길
8,경기,3,7.3,150,0,1,1,체험,도시,자신을 만나는 구리 둘레길
8,경기,2,6.7,120,0,1,1,자연,자연,자신을 만나는 구리 둘레길
3,경기,3,10.1,200,1,1,1,체험,자연,남양주 슬로시티길
5,전북,3,4.5,90,0,1,1,체험,전통,방화동~덕산계곡 생태탐방로
5,강원,3,5.7,180,0,0,0,자연,체험,happy700길
5,강원,4,4,120,0,1,1,자연,체험,happy700길
5,강원,3,8,120,0,1,0,자연,전통,happy700길
0,강원,1,4.61,80,0,1,1,자연,체험,happy700길
5,강원,3,5.8,270,0,1,0,자연,체험,happy700길
3,강원,3,5.8,150,0,1,0,자연,체험,happy700길
5,강원,3,13.5,360,0,1,0,자연,체험,happy700길
5,강원,3,11,290,0,1,0,자연,전통,happy700길
2,강원,3,10,180,0,1,1,자연,전통,happy700길
5,강원,3,6.37,200,1,1,1,자연,종교,happy700길
3,강원,3,8.5,150,0,0,0,자연,종교,happy700길
5,강원,3,9.4,300,0,0,0,자연,종교,happy700길
5,강원,3,9.4,180,0,0,0,자연,전통,happy700길
8,강원,3,10.4,180,0,0,0,자연,전통,happy700길
0,강원,1,4.85,90,0,0,1,자연,체험,happy700길
5,강원,3,11,360,0,0,0,자연,체험,happy700길
5,강원,3,10,240,0,0,0,자연,체험,happy700길
5,강원,3,10,240,0,0,0,자연,체험,happy700길
5,강원,3,14,330,0,1,0,자연,체험,happy700길
5,강원,3,15,390,0,0,0,자연,체험,happy700길
7,강원,3,3.6,60,0,1,0,자연,체험,happy700길
5,강원,3,5.3,160,0,0,0,자연,체험,happy700길
8,강원,4,6.1,330,0,0,0,자연,체험,happy700길
7,강원,3,10,290,0,1,0,자연,체험,happy700길
1,강원,3,9.5,180,0,1,1,자연,체험,happy700길
7,강원,3,13,300,0,1,1,자연,체험,happy700길
3,강원,2,5.7,70,0,1,1,자연,체험,happy700길
3,강원,2,7.8,150,0,0,0,자연,체험,happy700길
7,강원,2,4.1,80,0,0,0,자연,자연,happy700길
7,강원,3,16,360,0,0,0,체험,전통,happy700길
5,강원,5,12.2,360,1,1,0,자연,전통,happy700길
5,강원,3,9,240,0,0,0,자연,체험,happy700길
7,강원,3,10,180,0,1,1,자연,체험,happy700길
5,강원,3,12,303,0,0,0,자연,체험,happy700길
7,강원,2,3.95,90,1,1,0,자연,체험,happy700길
1,강원,3,12,210,0,1,1,자연,체험,happy700길
3,강원,3,9.3,150,0,0,0,자연,체험,happy700길
5,강원,5,8.9,300,0,1,1,자연,체험,happy700길
5,강원,5,9.5,300,0,1,1,자연,체험,happy700길
0,강원,1,13.3,180,0,0,0,자연,체험,happy700길
6,제주,3,10.3,210,0,1,0,자연,체험,갑마장길 및 가름질
3,충남,3,10.7,210,0,1,1,자연,전통,내포문화숲길
3,충남,3,10.6,210,0,1,1,자연,종교,내포문화숲길
3,충남,3,9,220,1,1,1,체험,종교,내포문화숲길
3,충남,3,12.3,220,1,1,1,전통,종교,내포문화숲길
3,충남,3,15.8,270,1,1,1,전통,도시,내포문화숲길
3,충남,3,15.5,330,0,1,1,체험,체험,내포문화숲길
4,충남,2,1,40,0,1,0,자연,도시,태안 해변길
1,서울,3,3.4,60,1,1,0,체험,체험,남산순환나들길
1,전남,2,3.3,80,0,1,1,자연,도시,담양오방길
0,경기,1,7.6,150,1,1,1,체험,자연,의주길
7,경기,3,6.2,150,1,1,1,전통,도시,의주길
0,광주,3,3.6,150,0,0,0,자연,자연,영산강 서창포구 탐방길
0,대구,3,19,540,0,1,1,전통,체험,강정보 녹색길
2,대구,3,22,600,0,1,1,도시,전통,달성보 녹색길
9,경기,3,14,270,1,1,1,종교,전통,의주길
7,경기,4,11.6,210,1,1,1,자연,체험,의주길
0,경기,3,12.7,240,1,1,1,자연,종교,의주길
5,대구,3,32,1240,1,1,1,자연,종교,비슬산 둘레길
3,대구,3,18,480,0,1,1,자연,체험,비슬산 둘레길
3,전남,3,38.9,1180,0,1,1,자연,전통,섬진강길
0,전남,2,27.4,540,0,1,1,자연,전통,섬진강길
5,전남,3,5,120,0,0,1,자연,전통,로하스 녹색길
7,전남,3,1.7,70,0,0,1,자연,자연,로하스 녹색길
8,경기,3,1.5,60,1,1,0,체험,전통,공룡알 화석산지 탐방로
8,전남,3,1.2,50,0,0,1,자연,체험,로하스 녹색길
3,전남,3,1.4,60,0,1,1,자연,자연,로하스 녹색길
9,전북,3,26.1,420,0,0,0,종교,자연,아름다운 순례길
9,전북,3,24.1,480,0,0,0,종교,자연,아름다운 순례길
9,전북,3,23.6,480,0,0,0,종교,자연,아름다운 순례길
9,전북,3,25.5,480,0,0,0,전통,종교,아름다운 순례길
9,전북,3,14.5,240,0,0,0,전통,체험,아름다운 순례길
9,전북,3,21.2,360,0,1,0,종교,자연,아름다운 순례길
0,경북,3,6.3,160,0,1,0,체험,체험,감포깍지길
3,경북,3,9.9,270,0,1,1,자연,전통,감포깍지길
7,경북,3,13.4,30,0,1,1,자연,도시,감포깍지길
3,경북,3,8.7,190,0,0,0,자연,도시,감포깍지길
3,경북,2,4.4,90,0,0,0,전통,도시,감포깍지길
7,부산,3,9.3,180,1,1,1,체험,체험,그린웨이 서구 일주로
1,충북,3,10.4,210,0,1,1,자연,전통,비내길
9,충남,3,13.3,180,0,1,1,종교,전통,버그내 순례길
7,충북,3,7.5,120,0,1,1,자연,전통,비내길
8,경기,3,8,300,1,1,1,종교,체험,여강길
3,전남,3,4.6,120,0,0,1,자연,체험,문학 탐방길
3,전남,3,3.5,100,0,1,1,자연,체험,문학 탐방길
0,경기,3,4.103,56,1,1,0,자연,전통,용설저수지 수변산책로
0,전남,3,9.36,210,0,1,1,체험,전통,풍류락도 영산가람길
0,전남,3,6.14,150,1,1,0,체험,자연,풍류락도 영산가람길
1,전남,3,10.27,240,0,1,1,체험,자연,풍류락도 영산가람길
3,전북,3,40.8,1180,1,1,1,체험,자연,섬진강길
5,경기,3,8.61,240,0,1,0,체험,자연,상중리 임도
5,세종,3,4.5,120,0,0,0,종교,자연,원수산 둘레길
7,세종,3,5.4,120,0,0,0,종교,체험,원수산 둘레길
7,세종,3,5.1,120,0,0,0,자연,자연,전월산 둘레길
0,세종,3,1.8,30,1,1,1,도시,자연,세종호수공원
0,세종,3,2.9,45,0,1,1,도시,자연,세종호수공원
0,세종,3,4.4,60,0,1,1,도시,체험,세종호수공원
3,전남,2,7,180,0,1,1,자연,자연,이청준 한승원 문학길
3,경기,3,7.1,160,0,1,1,전통,자연,고양누리길
8,부산,3,21.4,360,0,1,1,종교,전통,갈맷길
3,서울,3,3.2,90,0,1,1,자연,자연,인왕산 자락길
1,부산,3,4.8,90,1,1,1,도시,자연,그린웨이 서구 일주로
0,부산,3,10.8,240,1,1,1,도시,전통,갈맷길
4,충남,2,9,180,0,1,1,자연,전통,태안 해변길
6,제주,3,5.5,300,0,1,1,자연,전통,제주 올레길
6,제주,3,5,240,0,1,0,자연,전통,제주 올레길
6,제주,4,2,70,0,1,1,자연,전통,제주 올레길
6,제주,3,3.2,120,0,0,0,자연,전통,제주 올레길
6,제주,4,3.7,180,0,1,0,자연,전통,제주 올레길
6,제주,3,5.5,210,0,1,1,자연,전통,제주 올레길
6,제주,4,5,180,0,0,0,자연,전통,제주 올레길
6,제주,3,5.1,180,0,1,1,자연,전통,제주 올레길
6,제주,3,2,90,1,1,1,자연,전통,제주 올레길
6,제주,3,1,60,0,1,1,자연,체험,제주 올레길
5,부산,4,6.7,120,1,1,1,자연,전통,그린웨이 서구 일주로
7,강원,3,2.3,180,0,0,0,자연,전통,산꼬라데이길
8,경기,3,3.7,90,1,1,1,자연,전통,고양누리길
3,경기,1,6.6,100,0,1,1,자연,체험,고양누리길
3,경기,3,6.72,150,1,1,0,종교,자연,고양누리길
3,경기,2,5.48,160,0,1,0,전통,전통,고양누리길
7,전북,3,10.7,140,0,1,1,자연,도시,금구 명품길
3,광주,2,4.5,180,1,1,1,종교,자연,양림동 둘레길
3,경기,3,22.2,345,0,1,1,도시,도시,수원팔색길
8,충북,2,4,120,0,1,1,전통,종교,상당산성길
8,부산,3,13,300,1,1,0,전통,자연,갈맷길
0,부산,2,7,120,1,1,0,도시,전통,갈맷길
5,전남,4,5.5,180,0,0,0,자연,전통,편백숲 트레킹길
5,광주,5,11.5,360,1,1,1,자연,도시,빛고을산들길
0,광주,3,16.6,270,1,1,1,자연,전통,빛고을산들길
0,광주,2,17,300,0,1,1,자연,체험,빛고을산들길
7,부산,2,9,180,0,0,1,자연,자연,갈맷길
3,부산,3,23,420,1,1,1,종교,전통,갈맷길
4,충남,2,2.57,35,0,1,1,자연,전통,철새나그네길
5,경남,3,6.9,180,0,0,1,자연,전통,장복산 누리길
0,충남,3,4.7,160,0,1,0,자연,전통,금강 솔바람길
8,강원,4,14,360,1,1,1,자연,전통,대관령 너머길
6,전남,3,4.3,150,0,0,0,자연,체험,흑산철새와 당산길
0,강원,3,6,120,0,1,0,자연,전통,비수구미 생태길
7,전북,2,4,120,0,1,0,자연,전통,예향천리 마실길
7,전북,2,4.5,140,0,1,0,자연,전통,예향천리 마실길
7,전북,1,3.8,120,0,1,1,자연,전통,예향천리 마실길
4,부산,3,12.6,240,0,1,1,자연,도시,갈맷길
4,부산,3,10,240,0,1,1,자연,체험,갈맷길
5,경기,5,13,300,0,1,0,자연,체험,경기도 영남길
0,충남,3,6,210,0,1,0,자연,체험,금강 솔바람길
2,경기,3,11.7,150,0,1,0,도시,도시,경기도 영남길
2,경기,3,14.7,300,0,1,0,도시,자연,경기도 영남길
2,경기,4,6.5,180,0,1,0,전통,전통,경기도 영남길
2,경기,2,11.6,240,0,1,0,체험,전통,경기도 영남길
4,경북,1,4,60,0,1,1,자연,종교,파도소리길
9,경기,4,15.4,330,0,1,0,체험,전통,경기도 영남길
0,충남,2,12.5,195,0,1,0,자연,체험,서천 봉선지 둘레길
2,서울,3,26.5,600,0,1,0,자연,체험,노원산내들길
5,전북,3,12.8,360,0,1,1,자연,체험,예향천리 장수마실길
5,전북,3,12,360,0,1,1,자연,전통,예향천리 장수마실길
2,경기,3,9.6,155,0,1,1,체험,전통,수원팔색길
0,대전,4,8,180,0,1,0,자연,체험,대청호 누리길
2,대전,2,4.5,90,0,1,1,자연,체험,낭만길
3,대전,2,2.5,60,0,1,0,자연,체험,역사문화길
1,대구,3,2,60,1,1,1,자연,전통,앞산 전망대길
3,대전,3,4.5,90,0,1,0,자연,전통,생태환경길
3,경기,3,5.3,90,1,1,1,자연,전통,수원팔색길
0,경기,3,17,270,1,1,1,자연,전통,수원팔색길
2,경기,2,10.5,170,0,1,1,자연,체험,수원팔색길
5,대전,3,4,120,1,1,0,도시,전통,생태환경길
3,대전,2,3.5,90,1,1,1,체험,전통,역사문화길
5,대전,2,8.5,170,0,1,0,자연,도시,대청호반길
0,대전,2,6,60,0,1,1,전통,전통,대청호반길
9,제주,2,11,240,0,1,0,종교,도시,순례길
3,대전,4,11.1,240,0,0,0,체험,도시,대덕사이언스길
2,대전,2,10,180,0,1,1,체험,전통,대덕사이언스길
6,제주,3,12.6,150,1,1,1,종교,자연,순례길
6,제주,3,9.3,150,0,1,1,종교,체험,순례길
7,전북,5,19.2,420,0,1,1,자연,체험,예향천리 장수마실길
2,충북,4,14,360,0,1,1,자연,전통,충주 풍경길
5,경남,3,18,390,1,0,0,자연,전통,창원 둘레길
3,강원,3,7.5,180,0,0,0,자연,전통,원대리 자작나무숲길
1,충북,3,7.5,180,0,1,0,자연,전통,충주 풍경길
0,경북,1,7,120,0,1,1,자연,전통,보문호반길
7,경북,3,8.4,210,0,1,0,자연,전통,낙동정맥 트레일
7,경북,3,10.2,240,0,1,0,자연,전통,낙동정맥 트레일
7,경북,4,19,300,0,1,0,자연,전통,낙동정맥 트레일
7,경북,3,10.2,210,0,1,0,자연,전통,낙동정맥 트레일
5,충남,3,8,180,0,1,0,자연,체험,금성산 술래길
5,경기,3,10.2,210,0,1,0,자연,체험,경기도 영남길
3,강원,4,12.5,300,0,1,1,자연,종교,대관령 너머길
3,강원,3,11,240,1,1,1,자연,종교,대관령 너머길
8,강원,3,16.3,360,0,1,1,전통,전통,대관령 너머길
5,전북,3,6.8,150,0,1,1,자연,전통,덕음산 솔바람 건강길
5,경북,3,5.6,120,0,1,1,자연,전통,철길따라 걷는 산골오지 트레킹
5,충북,4,4.1,180,0,0,0,자연,전통,충주 풍경길
8,경기,3,13,270,0,1,0,자연,전통,경기도 영남길
9,경기,1,9.9,210,0,1,0,종교,전통,경기도 영남길
7,충북,3,3.2,210,0,1,0,자연,자연,반기문 비채길
6,경남,3,6.5,180,0,0,0,체험,전통,저도 비치로드
0,강원,2,8.9,180,0,0,0,자연,전통,횡성 섬강길
0,강원,2,13.3,240,0,0,0,자연,전통,횡성 섬강길
7,전북,3,10.2,240,1,1,0,자연,종교,진안고원길
8,충북,3,1,40,1,1,0,자연,전통,천년은행나무옛길
6,경북,3,22,240,0,1,0,자연,전통,울릉둘레길
6,경북,3,24,240,0,1,0,자연,체험,울릉둘레길
6,경북,3,27.5,240,0,1,0,자연,전통,울릉둘레길
0,경북,2,5.4,90,0,1,0,자연,자연,경북 고령군 모듬내길
2,충북,2,9,180,0,1,1,체험,전통,충주 풍경길
7,경남,4,3.4,80,1,1,1,자연,체험,원전 벌바위둘레길
0,경남,2,9.6,150,1,1,1,자연,전통,동판저수지둘레길
5,경기,3,13,330,0,1,1,자연,전통,늠내길
8,전북,3,13.3,200,0,1,1,자연,전통,고창 예향천리마실길
5,전북,3,9.6,120,0,1,1,자연,체험,고창 예향천리마실길
3,전북,3,8.1,140,1,1,1,종교,체험,고창 예향천리마실길
3,전북,4,4.7,105,0,1,1,자연,자연,고창 예향천리마실길
3,전북,2,17.5,240,0,0,1,전통,전통,고창 예향천리마실길
3,전북,3,7.2,140,0,0,0,자연,전통,고창 예향천리마실길
3,전북,2,5,100,0,0,0,자연,체험,고창 예향천리마실길
2,전북,2,1.6,30,0,1,1,도시,체험,천년 전주 마실길
1,전북,4,10.3,300,0,1,1,전통,체험,천년 전주 마실길
1,전북,3,6.8,120,0,1,1,전통,체험,천년 전주 마실길
3,울산,3,3.7,90,0,1,1,자연,도시,천마산 생태문화탐방로
5,충북,2,4.1,120,1,1,1,자연,체험,충주 풍경길
7,울산,2,3.82,90,0,0,1,자연,체험,강동사랑길
5,경기,4,18,270,1,1,1,자연,도시,희망볼랫길
5,대전,3,9.3,360,1,0,0,자연,체험,대전둘레산길
5,대전,5,13.1,450,1,1,0,자연,전통,대전둘레산길
5,대전,4,12.5,450,1,1,1,자연,체험,대전둘레산길
5,대전,3,9,360,0,0,0,자연,도시,대전둘레산길
5,대전,3,10,360,0,0,0,자연,도시,대전둘레산길
5,대전,3,11.5,420,0,0,0,체험,체험,대전둘레산길
5,경기,3,3.3,70,0,0,1,자연,체험,노아산 숲길
5,경기,3,5.2,100,0,0,1,자연,체험,노아산 숲길
5,광주,4,13,360,1,1,1,자연,자연,빛고을산들길
7,전북,2,4,60,1,1,1,체험,자연,모악산 마실길
7,전북,3,16,240,1,1,1,체험,전통,모악산 마실길
7,전북,3,5,90,1,1,1,자연,전통,모악산 마실길
7,전북,3,13,240,1,1,1,자연,체험,모악산 마실길
5,경기,4,8.2,180,0,1,1,자연,체험,감악산 숲길
0,경남,2,11,180,1,1,1,자연,도시,섬진강을 따라가는 박경리 토지길
8,서울,3,30.21,600,1,1,1,자연,전통,송파소리길
8,인천,2,15,180,0,1,1,자연,전통,강화나들길
4,인천,2,10,180,0,1,1,자연,종교,강화나들길
5,경기,2,20.6,180,0,1,0,자연,전통,서운산 둘레길
5,경기,3,6.6,180,1,1,1,자연,전통,관악산둘레길
5,서울,3,15,300,1,1,1,자연,자연,관악산둘레길
8,인천,4,12,220,1,1,1,전통,자연,강화나들길
7,경기,3,6,150,0,0,0,종교,자연,서운산 둘레길
7,경기,3,7,180,0,0,0,종교,전통,서운산 둘레길
8,전북,3,3.24,100,0,0,0,자연,전통,대장금 마실길
5,전북,3,5.23,160,0,0,0,자연,전통,대장금 마실길
5,전북,3,8.63,220,0,0,0,자연,전통,대장금 마실길
1,전북,3,4.68,160,0,1,0,자연,전통,대장금 마실길
8,전북,3,10.33,280,0,0,0,자연,전통,대장금 마실길
7,전북,3,12.6,270,1,1,1,자연,전통,교룡산 둘레길
7,전북,3,9,180,1,1,1,자연,전통,교룡산 둘레길
5,전남,2,5.4,120,1,1,1,자연,종교,편백숲 트레킹길
5,전남,3,4.8,120,0,1,0,자연,체험,편백숲 트레킹길
5,전남,1,1.6,30,0,0,0,자연,종교,편백숲 트레킹길
1,경기,4,9.2,190,0,1,1,체험,체험,김삿갓 풍류길
1,경기,1,3.7,50,0,1,1,자연,체험,김삿갓 풍류길
5,경남,3,7.1,170,1,1,0,자연,체험,창원 둘레길
5,경남,3,4.4,110,1,0,0,자연,체험,창원 둘레길
5,경남,4,12.6,315,1,0,0,자연,체험,창원 둘레길
5,경남,4,10.5,270,1,1,0,자연,체험,창원 둘레길
5,경남,2,4,100,0,1,1,자연,체험,창원 둘레길
5,경남,3,10,250,0,1,1,자연,체험,창원 둘레길
5,경남,3,5.6,140,0,1,0,자연,체험,창원 둘레길
5,경남,3,7.8,200,0,0,0,자연,체험,창원 둘레길
5,경남,3,8.1,200,0,1,0,도시,체험,창원 둘레길
5,경남,3,12.9,320,0,1,0,도시,체험,창원 둘레길
8,전북,2,18.4,380,1,1,1,전통,체험,익산둘레길
2,광주,2,16.5,300,0,1,1,전통,도시,빛고을산들길
6,제주,3,13.7,210,0,1,1,자연,도시,제주지오트레일
6,제주,3,10.5,180,0,1,1,자연,도시,제주지오트레일
6,제주,3,14.3,230,0,1,1,자연,도시,제주지오트레일
6,제주,3,4.6,120,0,1,0,자연,도시,제주지오트레일
6,제주,3,8.3,210,0,1,1,자연,전통,제주지오트레일
6,제주,2,4,90,0,1,0,자연,전통,제주지오트레일
5,강원,3,10.5,240,0,1,1,자연,체험,곰배령 트래킹
5,강원,4,10.2,240,0,1,0,자연,체험,하이원 하늘길
5,강원,3,4.5,114,0,1,0,자연,도시,만항재 트래킹
6,제주,3,3,90,0,1,1,자연,체험,제주지오트레일
0,경기,3,9.1,180,0,1,1,자연,전통,임진강변 생태탐방로
4,경북,3,0.7,40,0,0,0,자연,전통,호미만도 해안둘레길
6,전남,3,7.7,270,0,0,0,자연,전통,거금도 둘레길
6,전남,3,10.2,370,0,0,0,자연,전통,거금도 둘레길
6,전남,3,4.1,150,0,0,0,자연,전통,거금도 둘레길
6,전남,3,4.1,150,0,0,0,자연,전통,거금도 둘레길
6,전남,3,5,180,0,0,0,자연,전통,거금도 둘레길
6,전남,3,7,210,0,0,0,자연,전통,거금도 둘레길
6,전남,3,4.1,120,0,0,0,자연,전통,거금도 둘레길
7,경남,3,10,180,0,0,0,자연,전통,고려현종부자상봉길
7,전북,2,11.8,200,0,0,0,자연,전통,예향천리 마실길
5,전남,3,7.8,180,0,1,0,자연,전통,고산봉 탐방로
8,전북,2,1.5,40,0,0,0,체험,체험,전주성 사대문 안 옛길
2,부산,3,1,60,0,0,0,도시,전통,도심숲이 있는 서면권 근대산업발상지 따라 걷기
2,경기,3,20,240,0,0,0,자연,종교,모락산둘레길
8,충남,3,13.4,360,1,1,1,전통,전통,사비길
5,강원,3,3,90,0,1,1,자연,종교,산세따라걷는길
5,경기,2,6.8,150,1,1,1,체험,자연,심학산 둘레길
8,서울,2,7,120,1,1,1,체험,전통,안산자락길
8,경기,3,4.4,120,0,1,1,자연,전통,서오릉 나들길
5,전남,3,10.9,180,1,1,1,자연,체험,월출산 기찬묏길
5,전남,2,5.32,150,0,1,1,자연,도시,입암산 둘레길
2,전남,2,6.48,80,1,1,0,자연,체험,고락산 둘레길
6,경남,3,16.6,360,0,1,1,자연,전통,남해 바래길
8,전남,3,2.75,55,1,1,1,체험,전통,활성산성 편백숲 보부상길
5,전남,3,3.97,65,1,1,1,체험,전통,활성산성 편백숲 보부상길
5,전남,4,3.76,71,1,1,1,체험,전통,활성산성 편백숲 보부상길
4,경남,3,13.1,210,0,1,1,자연,체험,이순신 바닷길
0,강원,3,10.7,156,1,1,1,자연,전통,송지호 둘레길
3,경북,2,14.5,270,0,1,0,종교,종교,유교문화길
5,대구,1,2.5,120,1,1,1,체험,종교,팔공산 올레길
5,대구,1,9.4,180,1,1,1,자연,종교,팔공산 올레길
7,대구,1,9.8,210,1,1,1,전통,자연,팔공산 올레길
8,대구,1,7.5,150,1,1,0,전통,종교,팔공산 올레길
5,대구,3,8.2,180,1,1,1,자연,종교,팔공산 올레길
5,대구,3,7.1,150,1,1,1,전통,체험,팔공산 올레길
5,경북,3,15,240,0,1,0,자연,체험,수도녹색숲 모티길
7,경북,2,7.5,140,0,1,1,자연,체험,의성읍 둘레길
5,충북,2,4,60,1,1,1,자연,체험,산막이옛길
5,충북,4,11,360,0,0,0,자연,전통,대청호오백리길
3,울산,3,1.8,60,0,1,1,자연,전통,천마산 생태문화탐방로
7,충북,4,13,360,0,0,0,자연,체험,대청호오백리길
5,충북,4,13,420,0,0,0,자연,체험,대청호오백리길
7,충북,4,10,300,0,0,0,자연,도시,대청호오백리길
7,충북,3,12,360,0,0,0,자연,체험,대청호오백리길
5,충북,3,12.5,360,0,0,0,자연,체험,대청호오백리길
5,충북,4,13,390,0,1,0,자연,전통,대청호오백리길
0,대전,3,11.5,360,0,1,0,자연,도시,대청호오백리길
7,대전,3,10,300,1,1,0,자연,전통,대청호오백리길
5,대전,3,12,360,0,0,0,자연,자연,대청호오백리길
0,대전,3,12.5,360,1,1,1,체험,전통,대청호오백리길
0,대전,3,13,360,0,1,0,자연,체험,대청호오백리길
1,전북,3,18.8,330,1,1,1,종교,전통,고인돌 질마재 따라 100리길
4,부산,2,11.5,240,0,1,1,체험,체험,갈맷길
6,경남,3,14.7,300,0,1,1,자연,체험,한려해상 바다백리길
6,경남,4,4.8,180,0,1,1,자연,전통,한려해상 바다백리길
6,경남,2,2.3,90,0,1,1,자연,체험,한려해상 바다백리길
6,경남,3,5.2,180,0,1,1,자연,체험,한려해상 바다백리길
6,경남,3,3.1,120,0,1,1,자연,전통,한려해상 바다백리길
8,충남,3,4.6,90,0,1,0,자연,전통,느린 꼬부랑길
5,충남,3,5.1,90,1,1,1,자연,체험,느린 꼬부랑길
4,경북,2,13.5,270,1,1,1,자연,체험,해파랑길
5,경북,4,18.8,450,0,1,1,자연,체험,해파랑길
4,경북,4,12.8,360,0,1,1,자연,체험,해파랑길
4,부산,2,11,360,1,1,1,자연,체험,선셋로드
8,강원,3,12.3,300,0,1,1,자연,전통,해파랑길
8,경남,3,15,300,1,1,1,자연,전통,에나진주길
8,강원,3,15.5,250,0,0,1,자연,전통,단종대왕 유배길
8,전북,3,6.4,180,1,1,1,자연,체험,백제가요 정읍사 오솔길
0,경기,3,14.7,240,0,0,0,자연,체험,평화누리길
8,경기,3,19,330,0,1,1,자연,전통,평화누리길
7,경기,3,24,430,0,1,1,체험,전통,평화누리길
0,경기,2,28,240,1,1,1,자연,전통,두물머리길
7,전북,3,14.9,240,0,1,1,자연,전통,진안고원길
4,경북,2,25,420,0,1,0,자연,체험,관동팔경길
5,울산,2,3.6,80,0,1,0,자연,체험,대왕암길
6,전남,3,12,180,1,1,0,자연,체험,해넘이길
4,경남,3,6,90,1,1,1,자연,도시,실안노을길
4,경북,3,5,80,0,1,1,체험,도시,호미곶 새천년길
0,경기,2,7.2,120,0,1,1,체험,도시,의정부소풍길
5,경북,3,7.2,180,1,1,1,체험,체험,새재넘어 소조령길
4,충남,1,14,180,1,1,0,자연,자연,철새나그네길
8,전북,3,27.5,480,0,0,0,종교,전통,아름다운 순례길
8,경기,3,5.1,120,0,1,1,도시,전통,수원팔색길
5,세종,3,3.44,90,1,1,1,도시,전통,원수산 둘레길
5,세종,3,4.3,100,0,0,0,도시,전통,원수산 둘레길
5,세종,3,2.4,60,0,0,0,도시,전통,전월산 둘레길
5,세종,3,2.3,94,0,0,0,도시,전통,전월산 둘레길
5,세종,3,1.4,30,0,0,0,도시,전통,전월산 둘레길
4,경기,3,16,270,1,1,0,자연,체험,늠내길
2,부산,4,4,70,1,1,1,도시,전통,그린웨이 서구 일주로
9,서울,3,9.8,180,0,1,1,도시,전통,서울 천주교순례길
8,경기,3,13.2,210,0,1,1,도시,자연,수원팔색길
8,부산,2,2.7,60,0,1,0,도시,전통,이바구길
5,경북,3,9,180,0,1,0,자연,전통,낙동정맥 트레일
7,경북,2,4.8,90,0,1,0,자연,전통,낙동정맥 트레일
5,경북,3,2.2,60,0,1,1,자연,전통,철길따라 걷는 산골오지 트레킹
5,강원,4,8.9,150,1,1,0,자연,체험,원주굽이길
0,경남,2,6.2,120,1,1,0,자연,체험,남지 개비리길
5,경기,4,11,240,1,0,1,전통,전통,늠내길
6,경기,2,15,300,1,1,1,자연,자연,늠내길
3,울산,3,2,60,0,1,1,전통,체험,천마산 생태문화탐방로
5,대전,5,13.6,450,1,1,1,전통,전통,대전둘레산길
8,대전,4,11,390,1,1,0,도시,종교,대전둘레산길
5,대전,3,13.5,450,0,0,0,자연,전통,대전둘레산길
5,대전,3,12.2,450,0,0,0,자연,전통,대전둘레산길
5,대전,3,7.9,330,0,0,0,자연,전통,대전둘레산길
5,대전,3,9.4,390,0,0,0,자연,전통,대전둘레산길
5,경기,3,6.3,120,0,0,1,자연,종교,계명산 숲길
5,경기,4,10,240,1,1,1,자연,전통,관악산둘레길
4,인천,2,10.9,240,1,1,1,자연,체험,강화나들길
4,전남,1,6.45,90,1,1,1,자연,체험,여수 갯가길
0,전남,5,24.3,420,0,1,1,자연,체험,여수 갯가길
4,전남,4,13.1,260,0,1,1,자연,종교,여수 갯가길
5,경남,3,6.7,150,1,1,0,자연,체험,창원 둘레길
1,제주,2,4.01,120,0,1,1,자연,체험,중문둘레길
4,경기,3,30,480,1,1,1,자연,전통,황금해안길
6,경북,3,2.07,74,0,0,0,자연,전통,무섬마을길
8,충남,2,8,180,1,1,1,자연,전통,홍주성 천년 여행길
3,충남,3,29.2,510,0,1,0,도시,전통,내포문화숲길
3,강원,3,13.3,240,0,0,1,자연,전통,효석문학 100리길
7,강원,4,90,2540,1,1,1,자연,전통,백두대간 금강산 가는길
0,강원,4,90,2540,1,1,1,자연,전통,백두대간 금강산 가는길
5,강원,4,90,2540,1,1,1,자연,전통,백두대간 금강산 가는길
7,강원,4,90,2540,1,1,1,자연,전통,백두대간 금강산 가는길
1,강원,4,90,2540,1,1,1,자연,전통,백두대간 금강산 가는길
5,강원,4,90,2540,1,1,1,자연,전통,백두대간 금강산 가는길
5,강원,4,90,2540,1,1,1,자연,전통,백두대간 금강산 가는길
5,강원,4,90,2540,1,1,1,자연,전통,백두대간 금강산 가는길
5,강원,4,90,2540,1,1,1,자연,전통,백두대간 금강산 가는길
7,강원,4,90,2540,1,1,1,자연,전통,백두대간 금강산 가는길
7,강원,4,90,2540,1,1,1,자연,체험,백두대간 금강산 가는길
2,서울,3,0.5,120,1,1,0,자연,체험,달마을근린공원 산책길
8,강원,2,20.3,390,1,1,1,자연,체험,화진포 둘레길
1,강원,2,20.3,390,1,1,1,자연,체험,화진포 둘레길
7,강원,3,38,682,1,1,1,자연,체험,건봉사 등공대 해탈의 길
5,강원,3,38,682,1,1,1,자연,체험,건봉사 등공대 해탈의 길
7,강원,3,38,682,1,1,1,자연,체험,건봉사 등공대 해탈의 길
0,강원,3,38.6,1160,1,1,1,자연,체험,새이령 가는길
5,강원,3,38.6,1160,1,1,1,자연,전통,새이령 가는길
5,강원,3,38.6,1160,1,1,1,자연,전통,새이령 가는길
2,강원,3,38.6,1160,1,1,1,자연,전통,새이령 가는길
2,강원,3,38.6,501,1,1,1,자연,전통,화암사 신선 만나러 가는 길
7,강원,3,38.6,501,1,1,1,자연,전통,화암사 신선 만나러 가는 길
7,강원,3,38.6,501,1,1,1,자연,전통,화암사 신선 만나러 가는 길
7,울산,2,30.9,660,0,1,1,자연,전통,영남알프스 둘레길
7,울산,2,30.9,660,0,1,1,자연,체험,영남알프스 둘레길
1,서울,3,5.7,120,1,1,1,도시,체험,동네 골목길 관광 코스
1,서울,3,6.72,120,0,1,1,자연,체험,동네 골목길 관광 코스
1,서울,3,4,90,0,1,1,도시,체험,동네 골목길 관광 코스
7,전북,4,45.2,840,0,1,1,자연,자연,무주 예향천리마실길
5,충북,4,18,480,0,0,0,도시,체험,대청호오백리길
6,경북,2,4,70,1,1,1,도시,자연,선유동천 나들길
1,울산,3,14,240,0,0,0,도시,종교,성안옛길
6,제주,4,15,420,0,1,0,전통,자연,추자도 해안일주길
4,부산,5,27,360,0,1,1,도시,체험,갈맷길
4,강원,2,6.9,120,0,1,1,자연,전통,관동팔경 녹색경관길
7,경북,3,8.1,210,0,1,1,자연,전통,보현산별빛누리길
7,경북,3,8.1,210,0,1,1,자연,전통,보현산별빛누리길
7,경북,3,8.1,210,0,1,1,자연,체험,보현산별빛누리길
5,경북,3,8.1,210,0,1,1,자연,전통,보현산별빛누리길
7,경북,3,8.1,210,0,1,1,자연,자연,보현산별빛누리길
6,제주,4,21.3,420,0,1,0,도시,자연,제주 올레길
6,제주,4,22.9,420,0,1,0,도시,자연,제주 올레길
6,제주,2,13.9,300,0,1,0,도시,체험,제주 올레길
6,제주,4,14.2,300,0,1,0,자연,전통,제주 올레길
7,전북,3,20.5,480,1,1,1,자연,전통,지리산둘레길
6,제주,3,16.9,330,0,1,0,자연,자연,제주 올레길
6,제주,3,18.2,360,0,1,0,도시,자연,제주 올레길
6,제주,3,18.6,420,0,1,0,도시,체험,제주 올레길
7,경북,3,6.68,180,1,1,1,자연,전통,낙동강풍경트레일
0,전북,3,17.2,310,1,1,1,자연,전통,구불길
1,전북,3,15.5,360,1,1,1,자연,체험,구불길
6,전남,3,16.1,360,0,1,0,자연,전통,신지명사길
3,제주,4,9.6,240,0,1,0,자연,체험,삼양역사올레길
6,전북,3,14,300,1,1,1,자연,전통,구불길
5,경기,3,3.1,60,1,1,0,자연,전통,걷고 싶은 둘레길
5,경기,3,6.246,130,1,1,0,자연,전통,걷고 싶은 둘레길
5,경기,3,10.7,210,1,1,0,자연,전통,걷고 싶은 둘레길
5,경기,3,5.8,130,1,1,0,자연,체험,걷고 싶은 둘레길
5,강원,3,11,360,0,0,0,자연,체험,happy700길
5,강원,3,11,360,0,0,0,자연,체험,happy700길
7,강원,4,7.5,120,0,0,0,자연,전통,happy700길
5,강원,3,13.3,210,0,0,0,자연,체험,happy700길
5,강원,3,3.4,90,0,0,0,자연,체험,happy700길
5,강원,3,8.8,300,0,0,0,자연,체험,happy700길
5,강원,3,11,270,0,1,0,자연,체험,happy700길
5,강원,3,7.5,270,0,1,0,자연,체험,happy700길
5,강원,3,6,270,0,1,0,자연,체험,happy700길
0,경남,1,6.9,60,0,1,1,자연,체험,합천보조댐 수변생태 탐방로
2,경기,3,9.08,290,0,1,1,자연,체험,용인너울길
2,경기,3,9.08,290,0,1,1,자연,자연,용인너울길
8,경기,3,9.67,270,0,0,1,도시,자연,용인너울길
5,경기,3,9.67,270,0,0,1,도시,체험,용인너울길
1,부산,3,15.8,300,0,1,1,도시,도시,갈맷길
5,충남,3,6.09,150,0,1,0,자연,전통,서천 봉선지 둘레길
7,충북,3,12,120,1,1,0,자연,전통,부모산30리둘레길
1,충북,3,12,120,1,1,0,자연,전통,부모산30리둘레길
1,충북,3,12,120,1,1,0,자연,전통,부모산30리둘레길
8,충북,3,12,120,1,1,0,자연,전통,부모산30리둘레길
2,충북,3,12,120,1,1,0,자연,전통,부모산30리둘레길
2,충북,3,12,120,1,1,0,자연,도시,부모산30리둘레길
6,제주,3,14.6,210,0,1,0,자연,전통,제주지오트레일
8,전북,3,6,90,1,1,1,도시,체험,구불길
8,경기,3,7.8,160,0,1,1,자연,체험,용인너울길
5,강원,3,30.3,270,0,0,0,자연,도시,Eco 800 태기산 트레킹로
2,강원,3,27,120,0,1,0,자연,전통,횡성호수길
8,전남,3,37,570,1,1,1,자연,전통,이순신길
4,전남,3,12,105,1,1,1,자연,체험,이순신길
5,경북,3,20.35,360,0,0,1,자연,전통,군위 아미산등산로
5,경북,3,20.35,210,0,0,1,자연,전통,군위 아미산등산로
5,경북,3,20.35,150,0,0,1,자연,전통,군위 아미산등산로
5,강원,3,17,180,0,0,0,자연,전통,happy700길
5,강원,3,17,480,0,0,0,자연,전통,happy700길
5,강원,3,17,240,0,0,0,자연,전통,happy700길
5,강원,3,17,260,0,0,0,자연,전통,happy700길
6,제주,3,15.8,300,0,1,1,자연,체험,한라산둘레길
5,강원,3,3,150,0,1,0,자연,체험,happy700길
2,충북,3,27,60,1,1,0,자연,전통,부모산30리둘레길
2,충북,3,50,30,1,1,0,자연,도시,부모산30리둘레길
6,제주,2,18,120,0,1,0,자연,전통,제주지오트레일
8,전북,2,20,42,1,1,1,도시,체험,구불길
8,경기,3,10,50,0,1,1,자연,체험,용인너울길
5,강원,3,25,60,1,1,1,자연,도시,Eco 800 태기산 트레킹로
2,강원,2,30,60,0,1,0,자연,전통,횡성호수길
1,충남,1,15,220,0,1,1,자연,체험,금강2경 도보여행길
5,충남,1,3.2,110,0,1,0,자연,체험,금강 솔바람길
8,충남,3,6,120,0,1,1,전통,체험,계백의 혼이 살아 숨쉬는 솔바람 길
5,강원,2,9,180,0,1,0,자연,체험,소양강둘레길
8,충남,2,4.63,120,1,1,1,전통,체험,부여 성흥산 솔바람길
0,충남,3,1.5,40,0,1,1,자연,체험,서천 생태원길
8,충남,2,13,210,1,1,1,전통,자연,서천 남산길
5,강원,3,90,50,0,1,1,자연,전통,백두대간 금강산 가는길
5,강원,3,18,60,1,1,1,자연,전통,백두대간 금강산 가는길
5,강원,3,90,20,1,1,1,자연,전통,백두대간 금강산 가는길
5,강원,2,90,2540,1,1,1,자연,전통,백두대간 금강산 가는길
7,경기,2,6,10,1,0,0,종교,자연,서운산 둘레길
7,경기,3,7,180,0,1,1,종교,전통,서운산 둘레길
8,전북,3,3.24,100,0,0,1,자연,전통,대장금 마실길
5,전북,2,6,160,0,1,0,자연,전통,대장금 마실길
5,전북,2,8.63,100,1,0,0,자연,전통,대장금 마실길
1,전북,1,4.68,300,0,1,0,자연,전통,대장금 마실길
8,전북,1,10.33,320,0,0,0,자연,전통,대장금 마실길
7,전북,4,12.6,50,1,1,1,자연,전통,교룡산 둘레길
7,전북,3,9,150,1,1,1,자연,전통,교룡산 둘레길
5,전남,2,5.4,30,1,1,1,자연,종교,편백숲 트레킹길
5,전남,3,4.8,130,0,1,0,자연,체험,편백숲 트레킹길
5,전남,1,1.6,50,0,0,0,자연,종교,편백숲 트레킹길
1,경기,4,9.2,200,0,1,1,체험,체험,김삿갓 풍류길
1,경기,1,3.7,60,0,1,1,자연,체험,김삿갓 풍류길
5,경남,3,7.1,150,1,1,0,자연,체험,창원 둘레길
5,경남,5,4.4,130,1,0,0,자연,체험,창원 둘레길
5,경남,3,12.6,250,1,0,0,자연,체험,창원 둘레길
5,경남,1,20,200,1,1,0,자연,체험,창원 둘레길
5,경남,1,4,80,0,1,1,자연,체험,창원 둘레길
